Hashtag	Username	User handle	Date of posting	Text	Retweet count	Like count
#europeansuperleague	Stretford Paddock	@StretfordPaddck	Mon Apr 19 01:54:38 +0000 2021	"how weâ€™ll all be waking up tomorrow ğŸ’”
#europeansuperleague https://t.co/DgHxsLJ6ki"	14	283
#europeansuperleague	Pat McAfee	@PatMcAfeeShow	Mon Apr 19 01:44:23 +0000 2021	"Seems like a lot of soccer folks are upset about the #europeansuperleague?!?

I just read their website. Sounds awesome"	45	1413
#europeansuperleague	Ronaldo Brown	@ronaldobrown_98	Mon Apr 19 01:39:50 +0000 2021	"Jamie Vardyâ€™s football career is a perfect microcosm for what football is about, the ever present probability of rags to riches no matter how small the chances may be...

The ramifications of the #europeansuperleague prevent players and clubs from having that right to dream."	21	159
#europeansuperleague	Mari FC	@spanish_vandijk	Mon Apr 19 01:31:35 +0000 2021	Burnley v Real Valladolid in the 2024 UEFA Champions League Final. #europeansuperleague https://t.co/IJm1NmuDof	34	185
#europeansuperleague	God	@GuyJustVibin	Mon Apr 19 01:23:19 +0000 2021	Me after using Lional Massy and Cristian Rondon in Fifa 2022 #europeansuperleague https://t.co/QseKIpBrFi	17	165
#europeansuperleague	Business Man	@GR10Business	Mon Apr 19 01:19:08 +0000 2021	Messi and Ronaldo after moving to West Ham so they can still play in the World Cup #europeansuperleague https://t.co/IUfickBtIV	12	218
#europeansuperleague	BUCKY JR	@Buckylona	Mon Apr 19 01:16:51 +0000 2021	"Every player who participates in the Super League will be banned from participating in any tournament with the national team
Benzema: 
#europeansuperleague #perez #UEFA https://t.co/SOpi3RulCN"	51	544
#europeansuperleague	JTğŸ‡¨ğŸ‡²	@j_tchaps	Mon Apr 19 01:14:20 +0000 2021	Germany winning the world Cup every year cause they have the whole bayern and dortmund team #europeansuperleague https://t.co/1zJZj0j4MC	20	249
#europeansuperleague	FUT Stephen A	@FutStephenA	Mon Apr 19 01:11:20 +0000 2021	Gonna buy this Dortmund jersey just out of respect for not them joining the European Super League. German teams respect their fans, might have to watch more Bundesliga ğŸ‡©ğŸ‡ªğŸ‡©ğŸ‡ªğŸ‡©ğŸ‡ª#europeansuperleague https://t.co/YFza1FwzmV	9	154
#europeansuperleague	Business Man	@GR10Business	Mon Apr 19 01:02:00 +0000 2021	Me in 50 years when kids say Messi and Ronaldo were overrated cause they didn't do it in the Super League #europeansuperleague https://t.co/NqJSjNel7q	260	1754
#europeansuperleague	ğ‘ºğ’‰ğ’‚ğ’‰ğ’‚ğ’… ğ‘­ğ’‚ğ’‰ğ’‚ğ’…âš”ï¸	@shahadfah1995	Mon Apr 19 00:58:27 +0000 2021	"#europeansuperleague

This man is Gabriel Hanot , he came with the idea of UEFA Champions League.

Thank you , sir https://t.co/aJl4mkf90n"	16	321
#europeansuperleague	TrinityğŸ‘‘	@ITrinny	Mon Apr 19 00:58:08 +0000 2021	For any football fan disappointed in their club for selling out and joining the super league, don't worry you can always support PSG from now on and nobody will blame you ğŸ’™â¤ğŸ¤ #europeansuperleague https://t.co/wGFS6p5ww2	0	111
#europeansuperleague	JohnnyjustcumğŸ¤ğŸ’¥	@john_utang	Mon Apr 19 00:54:09 +0000 2021	Bayern when they realize they will face Arsenal in the uefa super league #europeansuperleague https://t.co/KdXup1pgiw	18	303
#europeansuperleague	ImadğŸ¥¤	@yxngxr1_	Mon Apr 19 00:53:15 +0000 2021	Messi and Ronaldo when they meet in every super league final for the next 35 years #europeansuperleague https://t.co/RexPU7H7nl	95	1066
#europeansuperleague	ğ“‘ğ“ªğ“»ğ“½ğ“¸ğ“¼ğ”ƒâ™ ï¸ğŸ‡µğŸ‡±	@BSTBLU	Mon Apr 19 00:52:57 +0000 2021	Arsenal Fans trying to figure out How they got in the SuperLeague after Drawing to Fulham and being 9th #arsenal #europeansuperleague https://t.co/D5ZNPKTV4D	17	163
#europeansuperleague	Milkydinho ğŸ…™	@FUTMilkydinho	Mon Apr 19 00:52:04 +0000 2021	"Looking forward to Season 5 of Money Heist ğŸ™‚

#europeansuperleague https://t.co/s5VLWsKjLm"	18	138
#europeansuperleague	FUT Stephen A	@FutStephenA	Mon Apr 19 00:50:12 +0000 2021	Leicester City in the Premier League next season #europeansuperleague https://t.co/R7GOiDDOKw	16	149
#europeansuperleague	Amar Singh (The Great Towel-E)	@SkyBlue_Am	Mon Apr 19 00:48:15 +0000 2021	Same Energy @hughwizzy #europeansuperleague https://t.co/VDrJw9HNc3	9	168
#europeansuperleague	Anibal	@_latinheat	Mon Apr 19 00:48:04 +0000 2021	My timeline #europeansuperleague https://t.co/EpPnIbUXfm	31	224
#europeansuperleague	Henry Winter	@henrywinter	Mon Apr 19 00:43:34 +0000 2021	Impressive statement from #THFC fans berating their board for having â€œbetrayed the club, its history and the magic that makes this game so specialâ€. Slates boardâ€™s â€œopportunistic pursuit of greedâ€. Demands board â€œimmediately disassociates itselfâ€ from #europeansuperleague #ESL https://t.co/qzjzZrYECx	88	544
#europeansuperleague	Erik Reidarsen	@EReidar	Mon Apr 19 00:41:42 +0000 2021	Norwich returning to the Premier League next season #europeansuperleague #SuperLeague https://t.co/Wywf9A3aQ1	40	472
#europeansuperleague	ImadğŸ¥¤	@yxngxr1_	Mon Apr 19 00:39:16 +0000 2021	Super league officials escorting Arsenal and Spurs out of the super League after three years and still 0  wins #europeansuperleague   https://t.co/HUjhCmUeBx	20	154
#europeansuperleague	ğŸ¤´ğŸ¾Plant Based PapiğŸ¥¬ğŸ¥¦ğŸ¥’â˜€ï¸	@PlntBasedPapi	Mon Apr 19 00:31:01 +0000 2021	"Arsene Wenger warned us about European Super League years ago but too many dismissed Le Professor. Itâ€™s over.ğŸ¤·ğŸ¾â€â™‚ï¸ #EuropeanSuperLeague
https://t.co/dFHNxS1j8z https://t.co/eEBpbICUMI"	207	608
#europeansuperleague	infosfcb	@infosfcb	Mon Apr 19 00:30:33 +0000 2021	"Since FC Barcelona is a democratic club owned by its members (Socios), the decision on whether the club can join the #EuropeanSuperLeague or not will have to be approved in the assembly by the Socios.

PS: This could be why there is no statement yet from the club. https://t.co/qf4AjWW00g"	34	252
#europeansuperleague	Cormac	@CormacMCFC	Mon Apr 19 00:25:59 +0000 2021	The vice chairman of the #europeansuperleague and the person that believes this will be good for football https://t.co/OoX06RUgM4	33	198
#europeansuperleague	Rafeh FCB	@RafehFCB10	Mon Apr 19 00:23:04 +0000 2021	"Official football ball of the European Super League .
#europeansuperleague https://t.co/H7UnVcnt6T"	54	457
#europeansuperleague	Business Man	@GR10Business	Mon Apr 19 00:22:55 +0000 2021	PSG and Bayern after facing each other in the Champions league final for the 34th time in a row #europeansuperleague https://t.co/C891ws5hoJ	48	643
#europeansuperleague	Tez	@tezilyas	Mon Apr 19 00:19:57 +0000 2021	"The President of Real Madrid really sat in a board meeting and went: look, Iâ€™m just gonna say what weâ€™re all thinking... we donâ€™t get to play enough games against Spurs 

#europeansuperleague"	13	122
#europeansuperleague	Jack Bryant	@JackBryantt	Mon Apr 19 00:18:21 +0000 2021	"Jordan Pickford showing his 2021/22 Champions League medal to Buffon

#europeansuperleague https://t.co/ClRmPibntv"	26	287
#europeansuperleague	ğŸ¦	@DRXMN00	Mon Apr 19 00:17:41 +0000 2021	"Ronaldo after scoring his 100th goal against Arsenal in the first season of the Super League 

#europeansuperleague https://t.co/GDdZBY8PX6"	29	211
#europeansuperleague	Jacob ""Pimp"" Winneche	@Pimp_CSGO	Mon Apr 19 00:16:35 +0000 2021	"The cultural differences when it comes to American sport vs European sport is fascinating. 

While I respect that, and American sports in general, Iâ€™m proud to feel disgusted by the #europeansuperleague 

This is not football, and sure has hell not football in Europe."	26	371
#europeansuperleague	Rafeh FCB	@RafehFCB10	Mon Apr 19 00:16:24 +0000 2021	"Just realized kids in 50 years are gonna say Ronaldo and Messi played against farmers and didnâ€™t do it in the Super League
#europeansuperleague https://t.co/sRcmc3cwGa"	98	1167
#europeansuperleague	TuchelBall	@TuchelBallCFC	Mon Apr 19 00:11:26 +0000 2021	A short summary of every clubâ€™s statement tonightâ€¦ #europeansuperleague https://t.co/BxQ2U58peK	44	344
#europeansuperleague	mr.mh	@mahdi_mh20	Mon Apr 19 00:09:42 +0000 2021	"#europeansuperleague 
The last goal in the history of the Champions League
@MehdiTaremi9 https://t.co/EDpGsz1gOr"	16	276
#europeansuperleague	David Brent Music	@DavidBrentMovie	Mon Apr 19 00:05:36 +0000 2021	LEAKED: Exclusive footage of the meeting between the owners of Europeâ€™s elite clubs to discuss the #europeansuperleague. https://t.co/mFr6gkr3MQ	18	225
#europeansuperleague	theoshanks_	@theo_shanks	Mon Apr 19 00:05:00 +0000 2021	Mbappe when he wins the UCL Final against Brighton #europeansuperleague https://t.co/Kc5MJSUbIC	32	382
#europeansuperleague	rilly	@rilly300	Mon Apr 19 00:03:59 +0000 2021	Tottenham after bottling top 4 and ending up 14th in the super league for the 6th year in a row #europeansuperleague https://t.co/T6BjGcWwrH	27	281
#europeansuperleague	David Brent Music	@DavidBrentMovie	Mon Apr 19 00:00:43 +0000 2021	Brendan Rodgers to David Moyes. #europeansuperleague https://t.co/P53I72ROHo	45	363
#europeansuperleague	Tez	@tezilyas	Sun Apr 18 23:59:25 +0000 2021	Football fans united across Europe rn #europeansuperleague https://t.co/mfHrWbjl59	56	380
#europeansuperleague	â€œ	@JosephCFC18	Sun Apr 18 23:58:05 +0000 2021	Robbies house after 3 months of arsenal in the super league #europeansuperleague https://t.co/qvAvrW4SSt	236	3086
#europeansuperleague	khalid	@KhalidLadigbolu	Sun Apr 18 23:57:51 +0000 2021	Buffon after winning the champions league against Burnley #europeansuperleague https://t.co/byltmOT1S2	608	5294
#europeansuperleague	FÃºtbol scholar	@futbol_scholar	Sun Apr 18 23:57:22 +0000 2021	UEFA on their way to arrest Perez  #europeansuperleague https://t.co/5D4CHo9W7X	41	528
#europeansuperleague	Rio Ferdinand	@SAMIHASSEN22	Sun Apr 18 23:57:00 +0000 2021	How every team in the Super League is looking at Tottenham and Arsenal:              #europeansuperleague https://t.co/zUy3iWs9gC	61	629
#europeansuperleague	Robbie	@Robbie_whufc	Sun Apr 18 23:56:56 +0000 2021	Jadon Sancho turning up to England training for the Euros &amp; World Cup after the #europeansuperleague #SuperLeague https://t.co/SLjpuONAge	58	1033
#europeansuperleague	Jake	@JakeBarker1212	Sun Apr 18 23:53:58 +0000 2021	"Imagine if you went to bed at 10pm tonight and missed all of this. There's gonna be so much confusion across the continent tomorrow morning ğŸ˜‚

#SayNoToSuperLeague #EuropeanSuperLeague https://t.co/Mzr8kdOnTb"	30	396
#europeansuperleague	MğŸ§¬	@mahfuz190	Sun Apr 18 23:52:01 +0000 2021	UEFA: â€œYou have all been dumped from the villa, youâ€™ve got 30 minutes to pack your bags and say your final goodbyesâ€ #EuropeanSuperLeague #BoycottESL https://t.co/L5ppQGkJnO	38	403
#europeansuperleague	Spencer	@SpencerOwen	Sun Apr 18 23:50:40 +0000 2021	"Congrats to @LCFC on their Premier League and FA cup double! ğŸ‘ğŸ» 

Congrats to @PSG_English on their Champions League triumph! ğŸ‘ğŸ» 

So many trophies handed out today. 
#EuropeanSuperLeague"	541	7379
#europeansuperleague	hoRATIO Caine	@horatiocsi24	Sun Apr 18 23:50:00 +0000 2021	Arsenal and Tottenham fighting over last place in the new super league: #europeansuperleague https://t.co/7vqB9IAl0Z	163	1455
#europeansuperleague	Evolve Politics	@evolvepolitics	Sun Apr 18 23:49:43 +0000 2021	"Okay I guess Iâ€™m going to be the one to say it then:

The #europeansuperleague is NOT the problem.

The #europeansuperleague is just a symptom of the problem.

The problem is capitalism."	44	226
#europeansuperleague	ImadğŸ¥¤	@yxngxr1_	Sun Apr 18 23:49:10 +0000 2021	Ronaldo after scoring a hat trick against Arsenal  every week in the super league.  #europeansuperleague  https://t.co/JKXYrN1HWP	557	4075
#europeansuperleague	ARâ“‚ï¸AN	@Armaaaaank	Sun Apr 18 23:48:44 +0000 2021	Neymar at the ballon dâ€™or ceremony #europeansuperleague #SuperLeague https://t.co/YogKSSLiyW	214	2798
#europeansuperleague	Marc Loboda	@marcloboda	Sun Apr 18 23:48:40 +0000 2021	Weâ€™re at risk of throwing all this history in the bin #europeansuperleague https://t.co/fj42IkSlrt	77	878
#europeansuperleague	Stranraer FC	@StranraerFC	Sun Apr 18 23:47:42 +0000 2021	"Forget the #EuropeanSuperLeague.

#SupportYourLocalClub âš½ï¸ https://t.co/iZK1XPFaB5"	27	363
#europeansuperleague	Yxng Sasuke	@OfficialWOLFE3Y	Sun Apr 18 23:47:30 +0000 2021	Football Twitter #europeansuperleague https://t.co/NhDqE9V0hk	21	337
#europeansuperleague	Drogheda United F.C.	@DroghedaUnited	Sun Apr 18 23:47:20 +0000 2021	"Welcome to the home of the #europeansuperleague ğŸŸ£ğŸ”µ

Made for you. Right at your doorstep ğŸ˜‰.

#MondayMotivation https://t.co/ooSHrEsyLo"	20	214
#europeansuperleague	Rise	@RisePoorGamer	Sun Apr 18 23:46:08 +0000 2021	Arsenal after losing 8-0 for the 3rd time in a row #europeansuperleague https://t.co/rsZTxWKOym	62	634
#europeansuperleague	Matt	@MattFUTTrading	Sun Apr 18 23:45:37 +0000 2021	"What a crazy, crazy time to be a football fan #EuropeanSuperLeague

If this was in addition to domestic leagues, UCL competitions, as something run perhaps in the summers between EUROs, World Cups etc, Iâ€™d be all for it.

This is just of the highest degree

I guess now we wait..."	3	175
#europeansuperleague	Rambo SV	@MwabiPhiri	Sun Apr 18 23:45:19 +0000 2021	"Arsenal fan TV losing it after saka scored a worldie against Real Madrid in the 93rd minute 
 
Real Madrid 6 - 1 arsenal
#europeansuperleague https://t.co/AS6QQuS5j6"	43	491
#europeansuperleague	sean ğŸ˜¤	@beano_hakeem	Sun Apr 18 23:44:46 +0000 2021	Arsenal fans trying to explain why they deserve to be in the league #europeansuperleague https://t.co/a0bER9tnU7	17	231
#europeansuperleague	GÃ¶ztepeli	@goz35tepeli	Sun Apr 18 23:43:51 +0000 2021	#europeansuperleague Official football ball of the European Super League . https://t.co/bDyuPkAF35	84	714
#europeansuperleague	sean ğŸ˜¤	@beano_hakeem	Sun Apr 18 23:41:11 +0000 2021	Ronaldo after statpadding his 7th goal against Arsenal #europeansuperleague https://t.co/AX0D0sEu3q	111	896
#europeansuperleague	ImadğŸ¥¤	@yxngxr1_	Sun Apr 18 23:38:33 +0000 2021	Arsenal and Spurs in the super league. #europeansuperleague https://t.co/vTWsI2RNBj	241	1811
#europeansuperleague	Ø¹Ø¨Ø²	@Abz4ktt	Sun Apr 18 23:37:42 +0000 2021	Me seeing ESL destroying football vs me laughing at the memes #BoycottEuropeanSuperLeague #europeansuperleague https://t.co/yqAiJcLh42	158	814
#europeansuperleague	Timbo	@Iamthetimby	Sun Apr 18 23:37:38 +0000 2021	Arsenal's back 4 when they have to play Ronaldo and Messi 6 times a year. #europeansuperleague https://t.co/RomUqBhz0v	456	3065
#europeansuperleague	Matlock Town FC	@Matlock_TownFC	Sun Apr 18 23:37:12 +0000 2021	"RIP Football? Na

As long as we have fans, a bit of grass, a ball and some goalposts then Football will live forever.

Now is the time to find out and support your local team, clubs ran by the people for the people that are born out of communities. #europeansuperleague https://t.co/Y1xNhH1nl7"	300	2421
#europeansuperleague	â€œ	@JosephCFC18	Sun Apr 18 23:36:38 +0000 2021	AFTV after losing 6-0 for the 10th game in a row in the super league #europeansuperleague https://t.co/3U7lvEgdwC	405	2601
#europeansuperleague	Connor	@TMS_Amazed	Sun Apr 18 23:36:03 +0000 2021	"All the â€œBig 6â€ trying to get back in to UEFA when they see the backlash.

#europeansuperleague https://t.co/V7HaxxNPxU"	165	1210
#europeansuperleague	Dylan O'Connell	@JudgeDyl	Sun Apr 18 23:36:01 +0000 2021	When UEFA are the good guys.. you really f*caked up.. #europeansuperleague https://t.co/MApKbys7uk	76	888
#europeansuperleague	Chris	@FPLTekkers	Sun Apr 18 23:35:31 +0000 2021	Steve Bruce with the Longstaff brothers after qualifying for the Champions League #europeansuperleague https://t.co/hVnpXjFwqM https://t.co/9kQNqzonYr	44	211
#europeansuperleague	Josh Kennedy	@Josh37857718	Sun Apr 18 23:34:41 +0000 2021	The Big Six tonight #europeansuperleague https://t.co/qrTqj52iLV	95	651
#europeansuperleague	KS	@sheth_happens	Sun Apr 18 23:33:30 +0000 2021	"Arsenal and Tottenham fans arguing on who is gonna finish last in the Super League

#europeansuperleague https://t.co/9FOlRNlfjL"	485	4075
#europeansuperleague	Night King	@HumbleKenz	Sun Apr 18 23:33:18 +0000 2021	UEFA Team of the Year 2022/23 #europeansuperleague https://t.co/jTeJ6mwj5F	83	647
#europeansuperleague	Kristian Sturt	@FootieWriter	Sun Apr 18 23:33:16 +0000 2021	"I do hope that everyone who is so up in arms about the #europeansuperleague doesn't tune in to watch it should it find a way to ahead.

That would be hypocrisy of the highest order.

League doesn't have oxygen without viewers so maintain that energy."	87	671
#europeansuperleague	City Xtra	@City_Xtra	Sun Apr 18 23:32:35 +0000 2021	ğŸ¤® Let's get your thoughts on the #EuropeanSuperLeague:	22	695
#europeansuperleague	Jim White	@hanlonstweets	Sun Apr 18 23:30:50 +0000 2021	Carragher on the way TO FSG headquarters to batter John Henry #LFC #europeansuperleague https://t.co/b8m6c2MR6U	36	414
#europeansuperleague	Sam Judge	@judgey3003	Sun Apr 18 23:29:48 +0000 2021	I think itâ€™s time we called on these again to save football as we know it! #europeansuperleague https://t.co/W9gdWhehT1	139	1627
#europeansuperleague	lozğŸ’	@anobrainloz	Sun Apr 18 23:29:04 +0000 2021	trying to sleep tonight knowing the #europeansuperleague is now a thing https://t.co/TmTrRxpNOR	125	1234
#europeansuperleague	Change of Pace	@ChangeofPace414	Sun Apr 18 23:28:27 +0000 2021	"PSG winning Champions League this year after everyone leaves for the Super League.

#EuropeanSuperLeague

https://t.co/kFLFl6ynTl"	343	2719
#europeansuperleague	David Brent Music	@DavidBrentMovie	Sun Apr 18 23:28:17 +0000 2021	â€œBig 6â€ managers when they wake up to journalists demanding a statement and they canâ€™t say anything to upset their bosses. #europeansuperleague https://t.co/7fKL6MtoSt	22	282
#europeansuperleague	TuchelBall	@TuchelBallCFC	Sun Apr 18 23:27:46 +0000 2021	When you order something online vs when it arrives #europeansuperleague https://t.co/CMjcUgYbLf	33	344
#europeansuperleague	samsğŸ‘‘	@stopsavingchat	Sun Apr 18 23:27:15 +0000 2021	"how england could lineup at euro 2021 

#EuropeanSuperLeague https://t.co/OyGCD4uBEl"	37	523
#europeansuperleague	CHAPPY	@Lee_Chappy	Sun Apr 18 23:23:08 +0000 2021	"Cheers boss ud be proud right now of the foxes ğŸ¦Š #vichai

#europeansuperleague https://t.co/c4sHTQgclf"	14	533
#europeansuperleague	Jack ğŸ‡¸ğŸ‡¦	@jchaytor16	Sun Apr 18 23:22:41 +0000 2021	"It's not football anymore.
#EuropeanSuperLeague #NUFC https://t.co/jkN1TeHise"	41	208
#europeansuperleague	Kyle Watt ğŸ‘	@KyleWattUK	Sun Apr 18 23:22:36 +0000 2021	The rest of #europeansuperleague when they notice Spurs... https://t.co/8L38NkgmBv	117	544
#europeansuperleague	KS	@sheth_happens	Sun Apr 18 23:22:25 +0000 2021	"Robbie: Another disappointing result Ty, losing 8-0 to Madrid today ,we were shocking

Ty:""Robbie, first of all, it has been raining, so you gotta factor that in. Also, Benzema you're an absolute disgrace. You're a cheat. I hope Giroud takes your wife away""

#europeansuperleague https://t.co/FYlbYdHBCw"	222	1991
#europeansuperleague	Peter	@moyesiee	Sun Apr 18 23:21:30 +0000 2021	Not everything comes back to Clough but... #europeansuperleague https://t.co/gGXUIbTmlj	90	381
#europeansuperleague	Ross Tweddell	@RossOnRasslin	Sun Apr 18 23:19:25 +0000 2021	All this #europeansuperleague shite made me think of this https://t.co/QdYC5LK2lo	304	1785
#europeansuperleague	david ğŸ‡®ğŸ‡¹	@DavidYessir7	Sun Apr 18 23:19:15 +0000 2021	Alan Shearer seeing Harry Kane Booted from the premier league #europeansuperleague https://t.co/nI0Jg1pbRJ	149	1479
#europeansuperleague	Chris Wearmouth	@WearmouthChris	Sun Apr 18 23:18:56 +0000 2021	Arsenal and Spurs in the European Super League ğŸ˜‚ğŸ˜‚ #europeansuperleague https://t.co/461qxSu0KM	304	2073
#europeansuperleague	awbmasterclass	@Awbmasterclass	Sun Apr 18 23:18:31 +0000 2021	"goodbye to the beautiful game ğŸ’”ğŸ’”
ğŸ’”ğŸ’”ğŸ’”ğŸ’” I WILL ALWAYS LOVE YOU #europeansuperleague 
 https://t.co/k1hNdwMWmm"	455	2189
#europeansuperleague	Jake	@JakeBarker1212	Sun Apr 18 23:18:22 +0000 2021	"Hello to any ""big 6"" fans that are looking for a club to support, I present the rollercoaster that is Derby County:

#SayNoToSuperLeague #EuropeanSuperLeague https://t.co/vpsGSWjnLC"	35	309
#europeansuperleague	ğ“›ğ“®ğ“® ğ“Ÿğ“ªğ“½ğ“½ğ“²ğ“·ğ“¼ğ“¸ğ“·	@lpatz80	Sun Apr 18 23:18:12 +0000 2021	Everyone waking up tomorrow morning that went to bed before the #EuropeanSuperLeague announcement https://t.co/hnHbn2fsuJ	62	923
#europeansuperleague	RT	@_ryanwarwick8	Sun Apr 18 23:16:08 +0000 2021	PSG, Bayern and Dortmund when asked if they want to join the #europeansuperleague https://t.co/FYrhuCRA6L	104	708
#europeansuperleague	The Villa Vision ğŸ¦	@TheVillaVision	Sun Apr 18 23:13:49 +0000 2021	William McGregor is turning in his grave. The more I think about it and understand it, the more angry I feel. This is a shambles, an absolute shambles. âŒ #avfc #europeansuperleague https://t.co/wTKT8wmdrS	21	231
#europeansuperleague	Morgan Barrett	@morganbarrett19	Sun Apr 18 23:13:17 +0000 2021	Every Premier League â€˜Top 6â€™ owners on their Zoom calls #europeansuperleague https://t.co/bZe7vbHTk6	84	490
#europeansuperleague	Danny Baker	@prodnose	Sun Apr 18 23:11:58 +0000 2021	"""Big 6"" fans. 
So away games now. Few hundred quid air fares every other week.
That going to work out is it?
Your club really thinking of you isn't it?
#europeansuperleague"	46	414
#europeansuperleague	James Melville ğŸŒ¸	@JamesMelville	Sun Apr 18 23:11:36 +0000 2021	"Well said Gary Neville. @GNev2 
ğŸ’¯ bang on. 
#europeansuperleague ğŸ‘‡ https://t.co/nTxAyUNcbm"	18	147
#europeansuperleague	â€œ	@JosephCFC18	Sun Apr 18 23:11:23 +0000 2021	Arsenal preparing for Barcelona away on the first day of the super league #europeansuperleague https://t.co/S2JEQwpoFh	645	3566
#europeansuperleague	Olivia Buzaglo	@OliviaBuzaglo	Sun Apr 18 23:10:27 +0000 2021	Genuinely, what on earth is going on? ğŸ¤¯ğŸ˜‚ #europeansuperleague	12	392
#europeansuperleague	The Peopleâ€™s Champ ğŸ’¯ğŸ¤ŸğŸ½	@TroopzAFC	Sun Apr 18 23:10:14 +0000 2021	Do we go to the stadiums tomorrow and protest? Training grounds? We need to do something #europeansuperleague	299	4497
#europeansuperleague	Bray Wanderers FC	@BrayWanderers	Sun Apr 18 23:10:13 +0000 2021	"Weâ€™ve won the same amount of @premierleague titles as @SpursOfficial.

#europeansuperleague"	6579	33903
#europeansuperleague	Jack ğŸ‡®ğŸ‡¹ğŸ‡§ğŸ‡·ğŸ´ó §ó ¢ó ¥ó ®ó §ó ¿ğŸ‡¨ğŸ‡´	@MasonHolgoat	Sun Apr 18 23:09:58 +0000 2021	"Ancelottiâ€™s Everton in 2021/2022

#europeansuperleague https://t.co/BEv4ep9GbQ"	18	396
#europeansuperleague	pump	@pumpful1x	Sun Apr 18 23:09:31 +0000 2021	Everyone right now boycotting the super league #europeansuperleague https://t.co/NHLUAXGMVZ	226	2342
#europeansuperleague	The Peopleâ€™s Champ ğŸ’¯ğŸ¤ŸğŸ½	@TroopzAFC	Sun Apr 18 23:08:29 +0000 2021	I actually canâ€™t believe whatâ€™s these pricks are tryna do, fucking disgusting #europeansuperleague	144	2445
#europeansuperleague	James Melville ğŸŒ¸	@JamesMelville	Sun Apr 18 23:07:52 +0000 2021	"Football. Created by the poor. Stolen by the rich. 
#europeansuperleague https://t.co/iOIiMpI1YW"	221	1144
#europeansuperleague	Liam McNulty ğŸ¦Š	@liamlcfc88	Sun Apr 18 23:06:21 +0000 2021	Real owners for real football fans #europeansuperleague https://t.co/8S2Jxl1lH0	80	2258
#europeansuperleague	G.O.A.Tee Apparel ğŸ	@ApparelGoatee	Sun Apr 18 23:05:53 +0000 2021	"Let them go and boycott it. 
The UCL ran by:
Bayern
Dortmund 
Ajax
PSV
Sporting
Benfica
Porto
Rangers
Celtic
The liâ€¦ https://t.co/bGFvbtxEgn"	22	176
#europeansuperleague	KS	@sheth_happens	Sun Apr 18 23:05:46 +0000 2021	Arsenal are actually gonna turn up with Elneny and Nketiah against Madrid, tears in my eyes we're getting hammeredâ€¦ https://t.co/ew1J9MozAL	59	594
#europeansuperleague	David Brent Music	@DavidBrentMovie	Sun Apr 18 23:04:54 +0000 2021	Wrote this song about football tonight. Fits perfectly doesnâ€™t it? #europeansuperleague https://t.co/eHEexRuCi8	8	136
#europeansuperleague	Eric J Wilson	@eckylad	Sun Apr 18 23:04:22 +0000 2021	"The European Super League anthem has been released..
#europeansuperleague https://t.co/h2iJCUbEAh"	766	3152
#europeansuperleague	â€œ	@JosephCFC18	Sun Apr 18 23:03:25 +0000 2021	#europeansuperleague spurs and arsenal playing each other https://t.co/gFq6IrjbbW	44	504
#europeansuperleague	Dave G	@TheonlyDG	Sun Apr 18 23:01:59 +0000 2021	"â€œI hold the rank of Captain in the Super League of Europeâ€

#europeansuperleague https://t.co/T0pho6Gaps"	16	280
#europeansuperleague	Jamie	@Jamie_183	Sun Apr 18 23:01:42 +0000 2021	"Big 6 clubs checking the Premier League table Monday morning 

#europeansuperleague https://t.co/lTpggsMtUy"	209	1364
#europeansuperleague	Calum Fennell	@TerrierMulac	Sun Apr 18 23:00:12 +0000 2021	The England Team for the upcoming Euros following the #europeansuperleague announcement https://t.co/cgzHsnMlEE	27	424
#europeansuperleague	KFC UK & Ireland	@KFC_UKI	Sun Apr 18 22:59:49 +0000 2021	Sod this; after that #europeansuperleague announcement, adminâ€™s now a @KFC_Uerdingen supporter. Best damn team leftâ€¦ https://t.co/MxOsPGSImP	78	934
#europeansuperleague	The Villa Vision ğŸ¦	@TheVillaVision	Sun Apr 18 22:59:46 +0000 2021	Have some shame! The life in football is being sucked out by greedy billionaires who don't couldn't care less aboutâ€¦ https://t.co/hRs6TXbt2f	65	404
#europeansuperleague	Yorkshire Away Days	@YorkshireAway	Sun Apr 18 22:58:46 +0000 2021	RIP football 1863-2021 Created by the poor, stolen by the rich. #europeansuperleague #ripfootball https://t.co/8qwZlYwrqa	55	344
#europeansuperleague	David Brent Music	@DavidBrentMovie	Sun Apr 18 22:58:21 +0000 2021	When Arsenal and Spurs turned up at the #europeansuperleague meeting. https://t.co/Q13mzEwd7A	221	1512
#europeansuperleague	FUT Stephen A	@FutStephenA	Sun Apr 18 22:58:14 +0000 2021	Me 20 years from now remembering the good ole times before the #europeansuperleague https://t.co/h6WoENRTww	19	184
#europeansuperleague	#SocialistSunday	@socialistsunday	Sun Apr 18 22:56:20 +0000 2021	Created by the poor, stolen by the rich. #europeansuperleague	44	174
#europeansuperleague	FUT SLOTH	@FutSloth	Sun Apr 18 22:56:05 +0000 2021	"Fuck you @LFC 
Fuck you @ManUtd 
Fuck you @ManCity 
Fuck you @Arsenal 
Fuck you @SpursOfficial 
Fuck you @ChelseaFCâ€¦ https://t.co/TcNp6a657t"	24	125
#europeansuperleague	Dave	@DJDalrymple	Sun Apr 18 22:55:15 +0000 2021	"Grimsby Town vs Levante in the final of the 2035 Champions League 

#europeansuperleague https://t.co/2UjsBtg0t3"	64	420
#europeansuperleague	David Brent Music	@DavidBrentMovie	Sun Apr 18 22:54:50 +0000 2021	"Iâ€™ve got some good news and some bad news.

The bad news is, the â€œBig 6â€ are forming their own #europeansuperleagueâ€¦ https://t.co/98bTwcUIoR"	124	1635
#europeansuperleague	David Brent Music	@DavidBrentMovie	Sun Apr 18 22:52:38 +0000 2021	"â€œIsnâ€™t your club song â€œYouâ€™ll Never Walk Alone?â€
â€œThey wonâ€™t rememberâ€
#europeansuperleague https://t.co/IvF6Mv2Pns"	93	1214
#europeansuperleague	95	@PiquebIinder	Sun Apr 18 22:49:09 +0000 2021	Champions league next season #europeansuperleague https://t.co/m9N9yYSC46	157	695
#europeansuperleague	Ben us	@slimmyii2	Sun Apr 18 22:48:29 +0000 2021	"Fuck you @LFC 
Fuck you @ManUtd 
Fuck you @ManCity 
Fuck you @Arsenal 
Fuck you @SpursOfficial 
Fuck you @ChelseaFCâ€¦ https://t.co/mL6VU3klKo"	535	2506
#europeansuperleague	Ross	@rossnotts	Sun Apr 18 22:48:28 +0000 2021	BREAKING NEWS: 6 Criminals roam freely on the streets and will bribe you with their money do not be alarmed to repoâ€¦ https://t.co/K7K2Lkw6k4	43	285
#europeansuperleague	Evolve Politics	@evolvepolitics	Sun Apr 18 22:47:04 +0000 2021	"Jeremy Corbyn. 

On the right side of history. 

Every.

Fucking.

Time.

#EuropeanSuperLeague https://t.co/nOjFtnaqpe"	382	1799
#europeansuperleague	david ğŸ‡®ğŸ‡¹	@DavidYessir7	Sun Apr 18 22:45:55 +0000 2021	"" and we cut now too the champions league final 2025 where Stoke City play Macclesfield Town "" #europeansuperleague https://t.co/P8YQyqN9f4	134	957
#europeansuperleague	Hayters TV	@HaytersTV	Sun Apr 18 22:44:58 +0000 2021	"â€œWe cannot kill the lower divisions or the Premier League itself!â€

Pep made clear his stances on a breakaway Europâ€¦ https://t.co/QhBZlE0UZH"	63	426
#europeansuperleague	Chelsea Supportersâ€™ Trust	@ChelseaSTrust	Sun Apr 18 22:44:13 +0000 2021	"The @ChelseaSTrust has released the following statement regarding the #EuropeanSuperLeague â¬‡ï¸

This is unforgivableâ€¦ https://t.co/hXjQzicJS4"	1277	5668
#europeansuperleague	Zen âšªï¸ğŸ”´	@Zennen22	Sun Apr 18 22:44:07 +0000 2021	For the fans, Not the money #europeansuperleague https://t.co/7yQc9VlJoz	20	262
#europeansuperleague	FemiğŸ˜·	@Femi_Sorry	Sun Apr 18 22:43:10 +0000 2021	"OK, on this, even I'M out. 
#europeansuperleague https://t.co/hDo0DwkNK4"	13	261
#europeansuperleague	Alex Nunns	@alexnunns	Sun Apr 18 22:41:57 +0000 2021	"There was a chance in 2019 to elect a government that would have put the fans before the financiers.

Oh well.â€¦ https://t.co/Z8GPqKfXzU"	121	443
#europeansuperleague	Joe Cassidy	@Joeycass123	Sun Apr 18 22:41:42 +0000 2021	Me to every club joining the #europeansuperleague ğŸ¤¦â€â™‚ï¸ğŸ¤¦â€â™‚ï¸ğŸ¤¦â€â™‚ï¸ https://t.co/cjA8fUdMDS	31	136
#europeansuperleague	EKW ğŸ™‡ğŸ¾â€â™‚ï¸	@Elroywealthy	Sun Apr 18 22:41:01 +0000 2021	Kicked out of the premier league and champions league? #europeansuperleague https://t.co/gqlQQ3kZJ2	55	190
#europeansuperleague	Abdulâ„¢	@_Abdul_M_	Sun Apr 18 22:40:27 +0000 2021	"Arsenal when they finish bottom every season in the super league but there is no relegation 

#europeansuperleagueâ€¦ https://t.co/nLH1xsi2w9"	11	217
#europeansuperleague	Ã¸li ğŸ¦¢ğŸ´ó §ó ¢ó ·ó ¬ó ³ó ¿	@scfcoli	Sun Apr 18 22:39:27 +0000 2021	This is on the Stretford End at Old Trafford. Oh the irony... #europeansuperleague https://t.co/lxwyK5tuU9	86	700
#europeansuperleague	PriceOfFootball	@KieranMaguire	Sun Apr 18 22:39:17 +0000 2021	For ambitious clubs such as Everton, Villa, Leeds, Newcastle, Leicester etc itâ€™s not just a case of the door beingâ€¦ https://t.co/7eTFmWFPc3	229	1200
#europeansuperleague	FUT Stephen A	@FutStephenA	Sun Apr 18 22:39:06 +0000 2021	Football fans around the world rn #europeansuperleague https://t.co/bL5mIkV2JJ	51	260
#europeansuperleague	James Robson	@jamesrobsonES	Sun Apr 18 22:37:57 +0000 2021	Are United too embarrassed to even Tweet about the Super League? #mufc #europeansuperleague	36	387
#europeansuperleague	Gloucester City AFC	@GCAFCofficial	Sun Apr 18 22:37:51 +0000 2021	Any fans upset with their team joining the #EuropeanSuperLeague will be more than welcome at New Meadow Park next season.	12	139
#europeansuperleague	Concept BWFC	@ConceptBWFC	Sun Apr 18 22:37:40 +0000 2021	It started without them and will continue without them. Good riddance ğŸ‘‹ #puregreed #europeansuperleague https://t.co/SVcrJFsGII	64	431
#europeansuperleague	Adam Rowe	@adamrowecomedy	Sun Apr 18 22:37:05 +0000 2021	Did the players know anything about this? If not, Iâ€™d expect them to strike. Surely their contracts are null &amp; voidâ€¦ https://t.co/vn7lHP7jFz	17	243
#europeansuperleague	Kevin Cummins	@KCMANC	Sun Apr 18 22:36:46 +0000 2021	Every single club who has signed up for this #europeansuperleague has sold its fans down the river. Utter shithouseâ€¦ https://t.co/VehT0JAv0y	66	591
#europeansuperleague	FinKitch	@FinKitch	Sun Apr 18 22:36:35 +0000 2021	KICK THEM OUT NOW #europeansuperleague	13	229
#europeansuperleague	Evolve Politics	@evolvepolitics	Sun Apr 18 22:36:15 +0000 2021	"Football is nothing without fans.

#EuropeanSuperLeague https://t.co/PtBC0cc8BJ"	74	331
#europeansuperleague	Fans against VAR	@FansAgainstVAR_	Sun Apr 18 22:35:42 +0000 2021	RT if you will never watch a single minute of the #EuropeanSuperLeague	455	384
#europeansuperleague	mai(my wife)	@h3diditagainhuh	Sun Apr 18 22:35:20 +0000 2021	"Leeds united vs Getafe in the 2025 UEFA Champions league final #europeansuperleague

https://t.co/0ackmTQQ40"	177	1232
#europeansuperleague	Lyall Thomas	@SkySportsLyall	Sun Apr 18 22:34:12 +0000 2021	Supporters (and even employees) of these clubs do and should have a huge sway in this. One word; abstain. Don't likâ€¦ https://t.co/yMVgL9Fgrd	25	118
#europeansuperleague	FUT Stephen A	@FutStephenA	Sun Apr 18 22:33:19 +0000 2021	The other 11 clubs looking at Arsenal in the #europeansuperleague https://t.co/Ft6WXpUxyX	115	879
#europeansuperleague	James Beck	@JamesBeck_5	Sun Apr 18 22:33:19 +0000 2021	VARâ€™s reaction to find out itâ€™s not the only thing ruining football #europeansuperleague https://t.co/Hqnsv4pSPt	88	700
#europeansuperleague	ChelseaFCBlogs	@ChelseaFCBlogs_	Sun Apr 18 22:33:07 +0000 2021	Chelsea &amp; Man City were backed into a corner to accept the #europeansuperleague invitation. Neither owners need theâ€¦ https://t.co/DriFO70baI	31	176
#europeansuperleague	Ty	@ty_utd	Sun Apr 18 22:32:29 +0000 2021	Souness be like: But you have to ask yourself was Pogba involved in setting up the European super league?â€¦ https://t.co/nUXBLTuHnQ	201	1910
#europeansuperleague	Igor Larionov II	@Igor_LarionovII	Sun Apr 18 22:32:28 +0000 2021	everyone rn because of the #europeansuperleague https://t.co/Hc7iQYqqBZ	27	181
#europeansuperleague	DroidedOut	@DroidedOutgames	Sun Apr 18 22:31:07 +0000 2021	"Sunday, April 18th 2021. 

The day football died. 

#europeansuperleague https://t.co/7fWHKYOEYO"	613	2394
#europeansuperleague	Nico Cantor	@Nicocantor1	Sun Apr 18 22:30:43 +0000 2021	NINTH in the Premier League but a Founding Club of the newly fabricated #EuropeanSuperLeague. This way they can stiâ€¦ https://t.co/nXW7jmx3tl	39	350
#europeansuperleague	Rafeh FCB	@RafehFCB10	Sun Apr 18 22:30:41 +0000 2021	"The European Super League anthem has been released..
#europeansuperleague https://t.co/aJBnbWSdV3"	781	2707
#europeansuperleague	Anna Grew	@annagreww	Sun Apr 18 22:30:24 +0000 2021	"We need AC-12 on the #europeansuperleague case because this is corruption at the highest level âš½ï¸âš½ï¸
#LineOfDuty https://t.co/6uP8E6dUgp"	103	575
#europeansuperleague	luke :)	@lukewoodyy	Sun Apr 18 22:30:12 +0000 2021	tottenham and arsenal in the super league #europeansuperleague https://t.co/fhxrJmCNCP	214	1319
#europeansuperleague	FUT Stephen A	@FutStephenA	Sun Apr 18 22:30:04 +0000 2021	How the supporters of the 12 teams in the #europeansuperleague feel towards their club right now https://t.co/wnW3O6ZlUj	45	301
#europeansuperleague	The Left Wing Society	@LeftWingSociety	Sun Apr 18 22:29:39 +0000 2021	Your reminder that Jeremy Corbyn wanted to give fans more control over the running of their football clubs. #europeansuperleague	102	417
#europeansuperleague	Ravi Bopara	@ravibopara	Sun Apr 18 22:29:16 +0000 2021	Oh well. Guess cricket is the biggest sport in England now. #europeansuperleague	141	1485
#europeansuperleague	BBC 5 Live Sport	@5liveSport	Sun Apr 18 22:28:48 +0000 2021	"""I'm appalled, it's wrong and it just says to me arrogance, greed - and we don't care about supporters.""

Where doâ€¦ https://t.co/ild6yYIWXt"	30	173
#europeansuperleague	AğŸ‡¸ğŸ‡´ğŸ‡¸ğŸ‡ª ( IFK NORRKÃ–PING FAN)	@Ndomballer28_	Sun Apr 18 22:28:05 +0000 2021	Erling Haaland after winning the 25th consecutive UCL and the 30th league title #SuperLeague #europeansuperleague https://t.co/AEnzIYLD9s	42	239
#europeansuperleague	TheTrickyRedsğŸ”°	@TheTrickyReds20	Sun Apr 18 22:25:31 +0000 2021	This is essentially it. #EuropeanSuperLeague https://t.co/L66xEMycYu	382	2131
#europeansuperleague	Morgan ğŸ´ó §ó ¢ó ·ó ¬ó ³ó ¿ğŸ´ó §ó ¢ó ·ó ¬ó ³ó ¿ğŸ´ó §ó ¢ó ·ó ¬ó ³ó ¿	@Morgz5631	Sun Apr 18 22:25:12 +0000 2021	"Current premier league table:

1. Leicester - 56 (31 games)
2. West Ham - 55 (32 games)
3. Everton - 49 (31 games)â€¦ https://t.co/KYFhR8Y6pz"	170	1551
#europeansuperleague	LDN	@LDNFootbalI	Sun Apr 18 22:22:00 +0000 2021	"âœï¸ The full Super League statement.

Football as we know it has changed forever. #EuropeanSuperLeague https://t.co/JcwgprQODM"	78	330
#europeansuperleague	Deckster	@DecksterHD	Sun Apr 18 22:19:45 +0000 2021	"whys all the big teams joining the turkish league? i don't understand 

#europeansuperleague https://t.co/0uqrgzwxFZ"	42	615
#europeansuperleague	ellie may	@ellufc	Sun Apr 18 22:19:42 +0000 2021	if you supported one of the â€œbig 6â€ and are currently looking for a new club, i can say from the bottom of my heartâ€¦ https://t.co/4d5Ihx3fut	46	453
#europeansuperleague	Rovers Chat	@roverschat_	Sun Apr 18 22:18:29 +0000 2021	"ğŸ‘‹ We started without them and weâ€™ll be fine without them...

#europeansuperleague #Rovers https://t.co/lbYADQc8En"	41	275
#europeansuperleague	BrunoFernandes	@BrunoPenMaster	Sun Apr 18 22:08:39 +0000 2021	The man behind the super league #europeansuperleague https://t.co/eU1wodbWH9	18	306
#europeansuperleague	Tom Glenwright	@Tom_Glenwright	Sun Apr 18 22:08:22 +0000 2021	Liverpool threatening to join the #europeansuperleague ... https://t.co/Pjf0yzWjjh	29	146
#europeansuperleague	Soundchester UK	@SoundchesterUK	Sun Apr 18 22:04:38 +0000 2021	"The Big 6 right now:

#europeansuperleague https://t.co/8MjlS8ZpW5"	155	587
#europeansuperleague	Daniel Garb	@DanielGarb	Sun Apr 18 21:56:52 +0000 2021	The #europeansuperleague fiasco is likely a bargaining tool for owners and clubs to gain a Champions League setup tâ€¦ https://t.co/zVmYYEMMrW	14	122
#europeansuperleague	George Galloway	@georgegalloway	Sun Apr 18 21:45:24 +0000 2021	Dear @ManUtd abort this monstrosity now. Donâ€™t drag us into disgrace. You are standing on the shoulders of giants.â€¦ https://t.co/wJk0yNaYMG	89	724
#europeansuperleague	Ewan MacKenna	@EwanMacKenna	Sun Apr 18 21:40:12 +0000 2021	Can you imagine being a billionaire football club owner looking at misery, global collapse and a pandemic and a ligâ€¦ https://t.co/Q389FFsoeL	12	215
#europeansuperleague	Bearded FC	@BeardedFC	Sun Apr 18 21:39:19 +0000 2021	"Wenger knew. #EuropeanSuperLeague 

https://t.co/fZaXjaz7o6"	83	181
#europeansuperleague	Back Again W/Troopz Podcast	@backagain	Sun Apr 18 21:19:52 +0000 2021	"This is quality tbf ğŸ˜‚ğŸ‘ğŸ½ #europeansuperleague â™»ï¸ @MarcelFCBbut2 

https://t.co/AQB0I43mDv"	189	1014
#europeansuperleague	dave â„ï¸ ğŸ¥• ğŸ§»	@davemacladd	Sun Apr 18 21:15:35 +0000 2021	it's an absolute disgrace the Premier League clubs plotting to form a #europeansuperleague it's just pure greed andâ€¦ https://t.co/2OEbuR8ujj	7	133
#europeansuperleague	Bilbo	@BilboBCFC	Sun Apr 18 21:13:04 +0000 2021	Canâ€™t wait for these post game #europeansuperleague https://t.co/JCMXEud8H4	29	265
#europeansuperleague	ğŸ³ï¸â€âš§ï¸ğŸ³ï¸â€ğŸŒˆ Max ğŸ³ï¸â€ğŸŒˆğŸ³ï¸â€âš§ï¸	@SpillerOfTea	Sun Apr 18 21:06:23 +0000 2021	Sky Sports, the Premier League and various other money-grabbing bastards accusing the #europeansuperleague of beingâ€¦ https://t.co/65vqUn0fmE	16	156
#europeansuperleague	UpperGwladysBlue	@UpperGwladysBlu	Sun Apr 18 21:04:41 +0000 2021	I bet the #europeansuperleague was her idea too. #Boooo #LineOfDuty https://t.co/fnFOHKu1tL	63	558
#europeansuperleague	Simon Jordan	@Sjopinion10	Sun Apr 18 21:04:33 +0000 2021	"#europeansuperleague ...a load of old circular tosh! 

Heard all this before 

This is about leveraging more moneyâ€¦ https://t.co/iWIH39TPAA"	190	1495
#europeansuperleague	ğŸ©¸ğŸ—£	@DrippyFernandes	Sun Apr 18 20:55:03 +0000 2021	Arsenal in the European Super League #EuropeanSuperLeague https://t.co/IhTBEpQ0JE	52	307
#europeansuperleague	Rob Blanchette	@_Rob_B	Sun Apr 18 20:47:11 +0000 2021	The Premier League have done an awful job protecting English football from profiteering ownership &amp; sportswashing câ€¦ https://t.co/mWbmHJ0zZ8	528	3034
#europeansuperleague	TV Football 1968-92	@1968Tv	Sun Apr 18 20:44:05 +0000 2021	Tottenham one of the so called big six in England. The last time they won the League Title Pathe News were coveringâ€¦ https://t.co/X8Ej9spo1J	111	615
#europeansuperleague	Conn Adams	@conn_adams	Sun Apr 18 20:43:39 +0000 2021	LEAKED: European Super League official matchball âœŠğŸ¼#europeansuperleague #bbcfootball #Uefa https://t.co/ZRxUPGXpKt	27	206
#europeansuperleague	Crig	@giarcrepooc	Sun Apr 18 20:41:49 +0000 2021	When all #europeansuperleague players are banned by FIFA... https://t.co/smbCKXoJyR	50	719
#europeansuperleague	The United Stand	@UnitedStandMUFC	Sun Apr 18 20:35:21 +0000 2021	"Feels like they've bottled it.

#europeansuperleague https://t.co/DL4dL3I7mk"	50	1263
#europeansuperleague	Oddur Bauer	@oddurbauer	Sun Apr 18 20:34:51 +0000 2021	Vince McMahon tried to warn us about Stan Kroenke! #europeansuperleague #arsenal #fotbolti https://t.co/V8iQXye5St	86	379
#europeansuperleague	CHAPPY	@Lee_Chappy	Sun Apr 18 20:27:51 +0000 2021	"STAND TOGETHER 
SAVE DOMESTIC FOOTBALL
SAY NO TO THE #europeansuperleague https://t.co/7VUYDDUTJA"	63	297
#europeansuperleague	David Lammy	@DavidLammy	Sun Apr 18 20:25:30 +0000 2021	Greed, money and who cares about the fans. What a disgrace they are to the pioneers of the game. Shame on them. A râ€¦ https://t.co/A4risXHuo2	156	1550
#europeansuperleague	Ian	@Mancman10	Sun Apr 18 20:23:08 +0000 2021	Rumours tonight that Jurgen klopp has told the owners of Liverpool FC that if Liverpool join theâ€¦ https://t.co/SoyS4ups5G	653	3257
#europeansuperleague	James Melville ğŸŒ¸	@JamesMelville	Sun Apr 18 20:20:26 +0000 2021	Football thrives on domestic rivalries and a pyramid scheme that goes down to grassroots. Right now, we have the beâ€¦ https://t.co/SVRt08E1I5	12	132
#europeansuperleague	Football Remind	@FootballRemind	Sun Apr 18 20:16:59 +0000 2021	"Johan Cruyff in 2014;

â€œFootball is now all about money. There are problems with the values within the game. This iâ€¦ https://t.co/Uj8qMzHyJu"	41	160
#europeansuperleague	Back Again W/Troopz Podcast	@backagain	Sun Apr 18 20:11:53 +0000 2021	Every club that joins the #europeansuperleague will receive over $425M just for accepting the invitation. â™»ï¸ @nytimes	22	240
#europeansuperleague	Danny Baker	@prodnose	Sun Apr 18 20:08:18 +0000 2021	The Billionaires Club. Now, how can we squeeze more money out of people watching us parade our wealth?â€¦ https://t.co/jt0znt59G6	22	139
#europeansuperleague	Tony Mowbrayâ„¢ï¸	@Imtonymowbray	Sun Apr 18 20:08:02 +0000 2021	Screw the 'big 6'. This is the 'Top 12'. #europeansuperleague https://t.co/HKTqBye0Lv	40	262
#europeansuperleague	mufcmpb	@mufcMPB	Sun Apr 18 20:02:46 +0000 2021	Less than 30 minutes until the reported expected announcement of the European Super League. How are you feeling? #MUFC #europeansuperleague	42	1186
#europeansuperleague	BBC 5 Live Sport	@5liveSport	Sun Apr 18 19:58:28 +0000 2021	"""Today my love for Spurs died - I'm going to support my second team.""

This #THFC fan says he'll be supportingâ€¦ https://t.co/v2jsCaa2Fu"	18	119
#europeansuperleague	Rory Haczewski	@RoryHaczewski	Sun Apr 18 19:57:31 +0000 2021	"Rio Ferdinand and Gary Neville today speaking total facts. ğŸ‘ğŸ‘ğŸ‘

Legends of the game, speaking out against this disgâ€¦ https://t.co/k5Dv5LXTCr"	30	175
#europeansuperleague	If Rafa Goes We Go	@IfRafaGoesWeGo	Sun Apr 18 19:50:30 +0000 2021	"No one should be surprised. A #europeansuperleague has been the Â£Â£Â£ dream for decades.

Arsenal, Chelsea, Liverpoolâ€¦ https://t.co/JRXs4LFW3Y"	38	176
#europeansuperleague	Tom	@WiggumCharm	Sun Apr 18 19:38:46 +0000 2021	"Thereâ€™s nothing much that can be added to the #EuropeanSuperLeague chat. But I will say this...

If it ever does goâ€¦ https://t.co/CWrFgRopvy"	24	300
#europeansuperleague	Josh ğŸ‡®ğŸ‡¨	@josh_lufc_18	Sun Apr 18 19:38:12 +0000 2021	"thank you marcelo bielsa ğŸ‘‘ 

#europeansuperleague #NOEuropeanSuperLeague https://t.co/QglAT8nM2F"	92	451
#europeansuperleague	Toffee TV ğŸ‡§ğŸ‡·ğŸ‡¨ğŸ‡´ğŸ‡«ğŸ‡·ğŸ´ó §ó ¢ó ¥ó ®ó §ó ¿ğŸ‡¸ğŸ‡ªğŸ‡³ğŸ‡´	@ToffeeTVEFC	Sun Apr 18 19:34:34 +0000 2021	"Sir Alex Ferguson on the proposed breakaway #europeansuperleague

""Everton are spending Â£500 million to build a newâ€¦ https://t.co/mSx88fDusf"	169	2714
#europeansuperleague	Matlock Town FC	@Matlock_TownFC	Sun Apr 18 19:29:56 +0000 2021	You can have your millionaires, your pick of players, your four figure ticket prices and your extortionate food andâ€¦ https://t.co/GX8Lw76DHF	897	5587
#europeansuperleague	Mark Pougatch	@markpougatch	Sun Apr 18 19:23:22 +0000 2021	Germanyâ€™s 51-49 ownership rule looks smart this evening. #europeansuperleague	256	2592
#europeansuperleague	Kev	@WelshSpur07	Sun Apr 18 19:16:53 +0000 2021	The irony of Sky pundits saying â€œthis is not football anymoreâ€ do me a favour. Tell that to Newcastle fans who areâ€¦ https://t.co/VVdWZE8JCe	17	103
#europeansuperleague	Artekkers	@AFCUMD1	Sun Apr 18 19:16:50 +0000 2021	Arsenal in the Super league #afc #UEFA #europeansuperleague https://t.co/2QUZneyhGJ	60	241
#europeansuperleague	Cult Of BrunoğŸ´ó §ó ¢ó ¥ó ®ó §ó ¿ğŸ‡°ğŸ‡ª	@UTDSON7	Sun Apr 18 19:11:47 +0000 2021	Like and retweet if you agreeğŸš«. #europeansuperleague https://t.co/xmnrNRy0oS	353	827
#europeansuperleague	The Paddock Bar Benidorm	@DavidFlanaganjn	Sun Apr 18 19:09:24 +0000 2021	If this super league goes ahead we wonâ€™t be showing any of the games in our bar as principle and in support of footâ€¦ https://t.co/sG60THJcB6	7	220
#europeansuperleague	Hat scarf or a badge	@hatscarforabadg	Sun Apr 18 19:00:20 +0000 2021	They are Killing the game we love #europeansuperleague	11	161
#europeansuperleague	Mark Worrall	@gate17marco	Sun Apr 18 18:55:31 +0000 2021	Arsenal, Chelsea, Liverpool, Man City, Man United, Spurs, Atletico Madrid, Barcelona, Real Madrid, AC Milan, Interâ€¦ https://t.co/VdBscFDxWW	97	1115
#europeansuperleague	David Walker	@djwskyblu	Sun Apr 18 18:53:32 +0000 2021	Dear @ManCity excuse the impertinence if youâ€™re NOT in favour of a so called #europeansuperleague BUT if youâ€™re bacâ€¦ https://t.co/NTpbtpRKhW	43	283
#europeansuperleague	Leave.EU	@LeaveEUOfficial	Sun Apr 18 18:52:27 +0000 2021	NO to the #EuropeanSuperLeague - a grubby, corporatist gravy train where those at the top get rich, the grassrootsâ€¦ https://t.co/TnQHMsaPty	124	521
#europeansuperleague	Marvin Sordell	@MarvinSordell	Sun Apr 18 18:50:37 +0000 2021	Completely against the idea of a #europeansuperleague, but itâ€™s very interesting to see how quickly and strongly foâ€¦ https://t.co/lC5RLlD80s	52	446
#europeansuperleague	Transalpino(Official)	@TransalpinoO	Sun Apr 18 18:50:00 +0000 2021	I feel so lucky to have grown up during the golden era of football before it was ruined by money &amp; #VARâ€¦ https://t.co/uZuYVFpxYx	9	108
#europeansuperleague	Dan Salisbury-Jones	@dsj_itv	Sun Apr 18 18:46:27 +0000 2021	""It's not their game, it's ours, and they need to understand that."" Chair of @spiritofshankly @JoeblottJoe has beenâ€¦ https://t.co/XqJAQluQf1	41	136
#europeansuperleague	(Barry) @thecoldend	@thecoldend	Sun Apr 18 18:43:18 +0000 2021	Football is about supporting your local club going on awayday to a random town, having a few ğŸº with mates, then staâ€¦ https://t.co/MlBLu0Ojta	96	228
#europeansuperleague	CES	@CoreySpanos	Sun Apr 18 18:40:22 +0000 2021	Burnley v Real Valladolid in the 2024 UEFA Champions League Final. #europeansuperleague https://t.co/qkn9iMIOx4	10516	42864
#europeansuperleague	á´…á´€É´É´Ê	@Danny__LFC	Sun Apr 18 18:39:59 +0000 2021	"NO to the #EuropeanSuperLeague 
The Big 6 owners should be ashamed. https://t.co/Z5aobqxjE8"	42	284
#europeansuperleague	Wrestling Jebus	@WrestlingJebus	Sun Apr 18 18:34:40 +0000 2021	"Arsenal thinking they belong in a #europeansuperleague is like your drunk mate thinking he can do karaoke.

The conâ€¦ https://t.co/0MyiTmBKmC"	4	105
#europeansuperleague	Mark Pougatch	@markpougatch	Sun Apr 18 18:32:10 +0000 2021	Just sitting here wondering if David Moores, Peter Swales, Irving Scholar, Peter Hill-Wood, Ken Bates and Martin Edâ€¦ https://t.co/27lY28rKWU	43	428
#europeansuperleague	The Footy Show	@TheFootyShow1	Sun Apr 18 18:30:48 +0000 2021	This is absolutely spot on from @GNev2 ğŸ‘ğŸ‘ the greed has to stop ! Relegate those clubs and ban them from Europe ! Sâ€¦ https://t.co/Cofy3hMxaN	103	507
#europeansuperleague	Gary Swain	@gazswain	Sun Apr 18 18:29:12 +0000 2021	Fuck ya #europeansuperleague ğŸ–•ğŸ»ğŸ–•ğŸ»ğŸ–•ğŸ»ğŸ–•ğŸ» https://t.co/iNMoBJiV5b	75	519
#europeansuperleague	Kelly Cates	@KellyCates	Sun Apr 18 18:28:35 +0000 2021	If the idea of the  #europeansuperleague has been leaked early to test the water, I would suggest that the resultsâ€¦ https://t.co/gfSuwYLzlk	544	5433
#europeansuperleague	Zarah Sultana MP	@zarahsultana	Sun Apr 18 18:22:25 +0000 2021	"Football is nothing without fans.

Thank you @GNev2 for saying what needs to be said. ğŸ‘ğŸ½ #EuropeanSuperLeague
https://t.co/IOnJi0fSh7"	450	2783
#europeansuperleague	TRUTH FORGETTER	@NONONODBD	Sun Apr 18 18:13:45 +0000 2021	"Dear @ManUtd please take this down.
#europeansuperleague https://t.co/0TZiqNDu13"	16	157
#europeansuperleague	Eamonn Ryan	@EamonnRyan4	Sun Apr 18 18:12:30 +0000 2021	Souness be like: But you have to ask yourself was Pogba involved in setting up the European super league?â€¦ https://t.co/5hHE6T0o8O	273	2717
#europeansuperleague	Wolves	@Wolves	Sun Apr 18 18:05:24 +0000 2021	"So you're saying top seven could be back on? ğŸ‘€

#EuropeanSuperLeague 

https://t.co/oMISspeyg8 https://t.co/Nws7OgfJYF"	562	5849
#europeansuperleague	Biggleswade United	@Biggleswadeutd	Sun Apr 18 17:59:38 +0000 2021	"About the #europeansuperleague, an official statement

Sorry, but no sorry. Don't insist. We are not interested. Leâ€¦ https://t.co/GhVEpZ6V6D"	18	121
#europeansuperleague	Danny Baker	@prodnose	Sun Apr 18 17:59:20 +0000 2021	That Tottenham have been in negotiation for a place in the #europeansuperleague shows it has nothing to do with merâ€¦ https://t.co/uaTUSjk8mn	211	2253
#europeansuperleague	Adam Widdrington	@AddingRandomWit	Sun Apr 18 17:57:25 +0000 2021	Premier League should be docking points from those clubs involved in #EuropeanSuperLeague for this current campaignâ€¦ https://t.co/snZ0e2Ealk	11	148
#europeansuperleague	Non-League Volunteers	@nonleaguevol	Sun Apr 18 17:55:03 +0000 2021	"Thereâ€™s never been a better excuse to get behind your local team.. 

SUPPORT NON LEAGUE OVER GREEDâ€¦ https://t.co/X2IM7ydimF"	87	329
#europeansuperleague	David â€˜Rutgerâ€™ Walton	@ramsfan0285	Sun Apr 18 17:54:10 +0000 2021	Accrington Stanley, Aston Villa, Blackburn, Bolton, Burnley, Derby, Everton,   Notts County, Preston, Stoke, West Bâ€¦ https://t.co/IV1aeY6Qu6	14	113
#europeansuperleague	Darragh Ennis	@bones_giles	Sun Apr 18 17:43:35 +0000 2021	#europeansuperleague would be the death of football. I'm a huge @LFC fan, but I would never buy anything to do withâ€¦ https://t.co/Fh3vXShagU	8	213
#europeansuperleague	Adrian Hughes	@adehughes6	Sun Apr 18 17:39:27 +0000 2021	Gary Neville regardless of what team you support speaks for every single honest decent football fan in this countryâ€¦ https://t.co/dWpvTYsnAD	20	183
#europeansuperleague	Ewen Cameron ğŸ™	@EwenDCameron	Sun Apr 18 17:32:49 +0000 2021	"Gary Neville letting rip against the â€˜Big 6â€™ on the proposed breakaway to a European Super League.

â€œ Itâ€™s a criminâ€¦ https://t.co/gg64QDnl7i"	63	449
#europeansuperleague	Dan	@ElCapitain82	Sun Apr 18 17:31:05 +0000 2021	Just so we are all clear if you are now not #ENICOut &amp; #LevyOut you aren't Spurs. You're as bad as they are and canâ€¦ https://t.co/5nDApNEm3B	16	161
#europeansuperleague	Back Again W/Troopz Podcast	@backagain	Sun Apr 18 17:28:49 +0000 2021	"â€œENOUGH IS ENOUGHâ€

Sky sports pundit Gary Neville hits the nail on the head about the #europeansuperleague â™»ï¸â€¦ https://t.co/GZJ54WVAPC"	326	1787
#europeansuperleague	Terry Sazio ğŸ´ó §ó ¢ó ¥ó ®ó §ó ¿ğŸ‡®ğŸ‡¹	@sazio1984	Sun Apr 18 17:28:09 +0000 2021	Don't agree with the idea of a #EuropeanSuperLeague at all but I'm not having Abramovich be labelled an 'imposter'â€¦ https://t.co/pYpfmj6YTh	27	180
#europeansuperleague	Danny Baker	@prodnose	Sun Apr 18 17:27:35 +0000 2021	After @GNev2 magnificent broadside I think we will now see what commentators/broadcasters are now timidly  asking tâ€¦ https://t.co/yOotAkVFHl	40	731
#europeansuperleague	Adam Smithy	@AdamJSmithy	Sun Apr 18 17:26:52 +0000 2021	"ğŸ˜± Unbelievable watch this from @GNev2 ğŸ‘. Glued to the ğŸ“º
#europeansuperleague 

https://t.co/se1vYhhNzY"	1383	9283
#europeansuperleague	Davez	@davez2010	Sun Apr 18 17:23:52 +0000 2021	Deduct points, relegate, ban all 6 clubs from European competition for 10 years and that just for THINKING about joâ€¦ https://t.co/VxGU7N8T2V	85	790
#europeansuperleague	Katie	@KATIE____WIN	Sun Apr 18 17:22:06 +0000 2021	Hi @ManUtd @LFC @Arsenal @SpursOfficial @ManCity @ChelseaFC fans. Letâ€™s stop buying our clubs merchandise. Letâ€™s noâ€¦ https://t.co/5sql1IaIVU	36	119
#europeansuperleague	Wo sind sie jetzt?	@exprofis	Sun Apr 18 17:18:58 +0000 2021	Was Gary Neville sagt #europeansuperleague #EnoughIsEnough https://t.co/fdKoUUAS9j	375	1814
#europeansuperleague	UtdPlug	@UtdPlug	Sun Apr 18 17:18:30 +0000 2021	Has anyone seen Solskjaerâ€™s interview after the match, he knew nothing about the European Super League and what itâ€¦ https://t.co/72UyGTrJxz	31	232
#europeansuperleague	Gianfranco Shola	@SholaGianfranco	Sun Apr 18 17:18:00 +0000 2021	If the six do go and itâ€™s a disaster and fans donâ€™t turn up, which they wonâ€™t by the way....they should never be alâ€¦ https://t.co/5OnJj5M5nT	4	106
#europeansuperleague	FUT Stephen A	@FutStephenA	Sun Apr 18 17:16:53 +0000 2021	Arsenal going from getting crushed in the Premier League to destroyed in the European Super Leagueâ€¦ https://t.co/SY7Z2zomAO	43	244
#europeansuperleague	Marie Crowe	@mariecrowe	Sun Apr 18 17:14:29 +0000 2021	Hereâ€™s Gary Nevilleâ€™s reaction #europeansuperleague https://t.co/nDOk2XhJLp	22	203
#europeansuperleague	Alan Cawley	@alancaw	Sun Apr 18 17:10:37 +0000 2021	Money the root of all evil. Itâ€™s disgusting and pure greed. Soul is being ripped out of football day by day. #EuropeanSuperLeague	9	171
#europeansuperleague	FootballBrownie	@FootballBrowni1	Sun Apr 18 16:54:41 +0000 2021	I hate modern football!#europeansuperleague #NoToEuropeanSuperLeague ğŸ˜¡ https://t.co/67FO9iQJf0	313	1963
#europeansuperleague	Henry Winter	@henrywinter	Sun Apr 18 16:52:10 +0000 2021	Government reacts angrily to #EuropeanSuperLeague â€œclosed shopâ€ https://t.co/TuhOkxvyKc	129	756
#europeansuperleague	Phil Harrison	@MrPMHarrison	Sun Apr 18 16:49:44 +0000 2021	The reason German clubs aren't involved in #europeansuperleague bollocks is because they have to be 51% fan-owned.â€¦ https://t.co/gwnXF87M6E	86	496
#europeansuperleague	Newhall United	@NewhallUtdFC	Sun Apr 18 16:48:31 +0000 2021	Newhall United PRESS RELEASE re #europeansuperleague 18-04-2021 https://t.co/mAjeOq2uPY	37	213
#europeansuperleague	gunnerblog	@gunnerblog	Sun Apr 18 16:45:29 +0000 2021	"Guys, you know this league season?

Imagine that, forever. #europeansuperleague"	143	1818
#europeansuperleague	David Howard	@Davidhoward88	Sun Apr 18 16:45:18 +0000 2021	"The most relevant picture for the beautiful game right now âš½ï¸ 

#Greedy #europeansuperleague https://t.co/Mnn2LC8dIN"	92	427
#europeansuperleague	Big Jimmy	@Jim_Diney	Sun Apr 18 16:36:59 +0000 2021	"West Ham finishing top 4 and turning up for next season's Champions League

#europeansuperleague https://t.co/t6ptMN7w0Z"	8	195
#europeansuperleague	Sligo Rovers	@sligorovers	Sun Apr 18 16:35:33 +0000 2021	"Football can belong to a community to give a sense of belonging and worth that no money can buy

Over 45% of our buâ€¦ https://t.co/6fKYk4gYS3"	90	694
#europeansuperleague	Tadcaster Albion	@TadcasterAlbion	Sun Apr 18 16:31:16 +0000 2021	"Hi @LUFC and @YorkCityFC,

When we play Manchester United and Liverpool in about 2030 can one of you let us borrowâ€¦ https://t.co/rs33TB7RLk"	56	733
#europeansuperleague	Danny Baker	@prodnose	Sun Apr 18 16:29:58 +0000 2021	If putting big names into a single package were a recipe for success then the film of Cats would be the biggest hitâ€¦ https://t.co/RsNEI3QgyS	28	264
#europeansuperleague	Michael Jones	@Michael_I_Jones	Sun Apr 18 16:28:51 +0000 2021	"If the #EuropeanSuperLeague goes ahead, next season's UCL might look like:

ğŸ´ó §ó ¢ó ¥ó ®ó §ó ¿ - Leicester, West Ham, Evertonâ€¦ https://t.co/w5WYk3vcfw"	58	445
#europeansuperleague	Chelsea Pride	@ChelseaPride_	Sun Apr 18 16:25:01 +0000 2021	We at Chelsea Pride totally oppose the creation of an illegitimate and unfair breakaway #europeansuperleague. I hopâ€¦ https://t.co/PYsU6HbzGO	23	145
#europeansuperleague	Cantona Collars	@Cantona_Collars	Sun Apr 18 16:23:51 +0000 2021	"I'm sorry but if you are the type of person who defends the Glazers you are an idiot.

That's it. That's the Tweet.

#europeansuperleague"	22	154
#europeansuperleague	Dan	@ElCapitain82	Sun Apr 18 16:21:46 +0000 2021	Levy and ENIC really showing their true colours now. Those that inexplicably defended him for years must feel increâ€¦ https://t.co/jH3ESeFgsx	26	152
#europeansuperleague	James Jackson	@Doublejayz72	Sun Apr 18 16:16:33 +0000 2021	After the news of the proposed #europeansuperleague there surely has never been a better time to get behind aâ€¦ https://t.co/tZkufEmJpZ	346	1535
#europeansuperleague	Chris Mac	@chrismackop	Sun Apr 18 16:16:02 +0000 2021	Canâ€™t wait for Liverpoolâ€™s fixture list in early 2025 #europeansuperleague https://t.co/bvuLlGL2p7	20	195
#europeansuperleague	Carlo Garganese	@carlogarganese	Sun Apr 18 16:06:56 +0000 2021	It's so sad when something so beautiful is destroyed by money, by greed, by parasite bankers like JP Morgan who havâ€¦ https://t.co/C08IKyPJws	98	534
#europeansuperleague	âš’ Jack Himself âš’	@jackgambardella	Sun Apr 18 16:04:51 +0000 2021	Deduct points off them all. Cunts. #EuropeanSuperLeague	15	315
#europeansuperleague	Danno	@DanSilvs73	Sun Apr 18 15:58:31 +0000 2021	"Fuck the #europeansuperleague 
Donâ€™t you fucking dare @ChelseaFC  116 years of club history &amp; my family for a 100 yâ€¦ https://t.co/XutUYOuR7v"	66	524
#europeansuperleague	Matlock Town FC	@Matlock_TownFC	Sun Apr 18 15:54:54 +0000 2021	"The idea of a #europeansuperleague making you feel a bit queasy?

We have just the remedy.. ğŸ”µâšª #supportyourlocalâ€¦ https://t.co/4L5coLGddZ"	10	128
#europeansuperleague	GlazersCashCow FC ğŸ‡¾ğŸ‡ªğŸ‡¾ğŸ‡ª	@glazerscashcow	Sun Apr 18 15:52:31 +0000 2021	Iâ€™m done if this European super league takes off. This is all the glazers care about and the other owners of theseâ€¦ https://t.co/uSg2SuMleQ	103	350
#europeansuperleague	Chelsea Supportersâ€™ Trust	@ChelseaSTrust	Sun Apr 18 15:51:56 +0000 2021	"The @ChelseaSTrust has released the following statement regarding a #EuropeanSuperLeague â¬‡ï¸

#EnoughIsEnough https://t.co/sbxp2QBkgD"	1749	8331
#europeansuperleague	Shane	@fonforest	Sun Apr 18 15:45:34 +0000 2021	"I'd rather watch my local U12 side then watch a super sanitised, super greedy #europeansuperleague 

Fuck them, thaâ€¦ https://t.co/tKnmvbqfmO"	11	177
#europeansuperleague	The FSA	@WeAreTheFSA	Sun Apr 18 15:45:00 +0000 2021	""Motivated by nothing but cynical greed"" - our initial response to news that 15 of Europe's biggest clubs have agreâ€¦ https://t.co/QMu2DauhEm	75	199
#europeansuperleague	Magneto Mus	@MagnetoMus	Sun Apr 18 15:41:38 +0000 2021	Former Galatasaray Chairman Unal Aysal was a True Visionary! Huge Loss for Turkish Football. Predicted today in 201â€¦ https://t.co/H4uUxGGpoH	62	207
#europeansuperleague	Gianfranco Shola	@SholaGianfranco	Sun Apr 18 15:27:51 +0000 2021	"Arsenal queuing up to be in the European Super League as on of the â€œbig sixâ€ 

#europeansuperleague https://t.co/yBSAVr2qrS"	4	125
#europeansuperleague	ChelsTransfer	@ChelsTransfer	Sun Apr 18 15:21:37 +0000 2021	The 12 clubs supporting the #EuropeanSuperLeague are: Chelsea, Manchester United, Manchester City, Liverpool, Arsenâ€¦ https://t.co/aJc4V4NIeQ	51	373
#europeansuperleague	Ryan Batty	@RyanBatty13	Sun Apr 18 15:19:45 +0000 2021	"When they find out who's behind the European Super League...

#europeansuperleague

https://t.co/hTVFZxRGLS"	129	547
#europeansuperleague	THST	@THSTOfficial	Sun Apr 18 15:18:27 +0000 2021	All fan groups of the implicated clubs have repeatedly spoken out against any breakaway #EuropeanSuperLeague. We exâ€¦ https://t.co/ODWSBqwj1F	141	777
#europeansuperleague	Chris Wright ğŸ´ó §ó ¢ó ¥ó ®ó §ó ¿	@chriswrightzz	Sun Apr 18 15:06:56 +0000 2021	"Football is dying as we know it. A real shame. ğŸ¤®ğŸ¤®ğŸ¤®

#EuropeanSuperLeague âŒ https://t.co/e7zHyhKmi9"	135	1039

