"HITId","HITTypeId","Title","Description","Keywords","Reward","CreationTime","MaxAssignments","RequesterAnnotation","AssignmentDurationInSeconds","AutoApprovalDelayInSeconds","Expiration","NumberOfSimilarHITs","LifetimeInSeconds","AssignmentId","WorkerId","AssignmentStatus","AcceptTime","SubmitTime","AutoApprovalTime","ApprovalTime","RejectionTime","RequesterFeedback","WorkTimeInSeconds","LifetimeApprovalRate","Last30DaysApprovalRate","Last7DaysApprovalRate","Input.Hashtag","Answer.utterance","Approve","Reject"
"3087LXLJ6MDVRMXUKQ7P8LG438AF0Z","35RL0GHNS8PJM3H2X9H3WABC1CMGE8","Why are hashtags trending?","Write a short summary about why a specific hashtag is trending, given tweets selected from that hashtag.","survey, demographics, twitter, hashtags, trending, popular","$0.03","Thu Apr 29 13:09:55 PDT 2021","1","BatchId:4425777;OriginalHitTemplateId:920937340;","3600","259200","Thu May 06 13:09:55 PDT 2021","","","3VNXK88KKDF46X5RA30O81F6IGRV90","A3LN3LPE3IEXW8","Approved","Thu Apr 29 16:36:26 PDT 2021","Thu Apr 29 16:37:49 PDT 2021","Sun May 02 16:37:49 PDT 2021","Sun May 02 16:38:26 PDT 2021","","","83","100% (2/2)","100% (2/2)","100% (2/2)","#marshelicopter","NASA has a helicopter on Mars named Inegnuity. It failed at its fourth attempt to take off today but will have another chance tomorrow."
"30F94FBDNRH6UEI5DQ9396ROLLFBTP","35RL0GHNS8PJM3H2X9H3WABC1CMGE8","Why are hashtags trending?","Write a short summary about why a specific hashtag is trending, given tweets selected from that hashtag.","survey, demographics, twitter, hashtags, trending, popular","$0.03","Thu Apr 29 13:09:55 PDT 2021","1","BatchId:4425777;OriginalHitTemplateId:920937340;","3600","259200","Thu May 06 13:09:55 PDT 2021","","","3B3WTRP3DCZV967PMTGD6WIVLIY29Z","AO2WNSGOXAX52","Approved","Thu Apr 29 16:23:57 PDT 2021","Thu Apr 29 16:26:01 PDT 2021","Sun May 02 16:26:01 PDT 2021","Sun May 02 16:26:26 PDT 2021","","","124","100% (37/37)","100% (3/3)","100% (3/3)","#marshelicopter","Ingenuity is a small robotic solar helicopter operating on Mars as part of NASA's Mars 2020 mission. On 19 April 2021, it successfully completed the first powered controlled flight by an aircraft on a planet besides Earth, taking off vertically, hovering and landing.[9][10] The battery-powered coaxial drone rotorcraft is serving as a technology demonstrator for the potential use of flying probes on future missions to Mars and other worlds, and will have the potential to scout locations of interest and support the future planning of driving routes for Mars rovers."
"30IRMPJWDZGU7297FEH18U9WKURRKC","35RL0GHNS8PJM3H2X9H3WABC1CMGE8","Why are hashtags trending?","Write a short summary about why a specific hashtag is trending, given tweets selected from that hashtag.","survey, demographics, twitter, hashtags, trending, popular","$0.03","Thu Apr 29 13:09:52 PDT 2021","1","BatchId:4425777;OriginalHitTemplateId:920937340;","3600","259200","Thu May 06 13:09:52 PDT 2021","","","3WR9XG3T6481Y1YJBA1HLFONA6L743","AMKCBNKZOLM9X","Approved","Thu Apr 29 19:46:14 PDT 2021","Thu Apr 29 19:46:30 PDT 2021","Sun May 02 19:46:30 PDT 2021","Sun May 02 19:46:31 PDT 2021","","","16","100% (11/11)","100% (11/11)","100% (11/11)","#DOYOUNG","Kim Doyoung, who is a korean pop singer, came out with another album."
"30QQTY5GMKHYSFU40ENX90RUL9V7UQ","35RL0GHNS8PJM3H2X9H3WABC1CMGE8","Why are hashtags trending?","Write a short summary about why a specific hashtag is trending, given tweets selected from that hashtag.","survey, demographics, twitter, hashtags, trending, popular","$0.03","Thu Apr 29 13:09:54 PDT 2021","1","BatchId:4425777;OriginalHitTemplateId:920937340;","3600","259200","Thu May 06 13:09:54 PDT 2021","","","32SCWG5HII14JU6XQKODIZZM6RI6PF","A1OB8EYDHOYEKL","Approved","Thu Apr 29 16:25:31 PDT 2021","Thu Apr 29 16:26:26 PDT 2021","Sun May 02 16:26:26 PDT 2021","Sun May 02 16:27:26 PDT 2021","","","55","100% (4/4)","100% (4/4)","100% (4/4)","#GEICO500","It is a Nascar super speedway. It is a race of race cars. It is happening at Talledega."
"311HQEI8RSDFEEOE61M5QS69NRA7ZF","35RL0GHNS8PJM3H2X9H3WABC1CMGE8","Why are hashtags trending?","Write a short summary about why a specific hashtag is trending, given tweets selected from that hashtag.","survey, demographics, twitter, hashtags, trending, popular","$0.03","Thu Apr 29 13:09:56 PDT 2021","1","BatchId:4425777;OriginalHitTemplateId:920937340;","3600","259200","Thu May 06 13:09:56 PDT 2021","","","38JBBYETQP7M7GDTYIFNRPG4WT4E4B","A37AUHEQU4W9FI","Approved","Thu Apr 29 15:20:22 PDT 2021","Thu Apr 29 15:20:33 PDT 2021","Sun May 02 15:20:33 PDT 2021","Sun May 02 15:21:23 PDT 2021","","","11","100% (11/11)","100% (11/11)","100% (11/11)","#supermoon","sssssss  sssssss ssssssssss"
"31ANT7FQN8ZE0PA1CM11S1O80VYH5K","35RL0GHNS8PJM3H2X9H3WABC1CMGE8","Why are hashtags trending?","Write a short summary about why a specific hashtag is trending, given tweets selected from that hashtag.","survey, demographics, twitter, hashtags, trending, popular","$0.03","Thu Apr 29 13:09:53 PDT 2021","1","BatchId:4425777;OriginalHitTemplateId:920937340;","3600","259200","Thu May 06 13:09:53 PDT 2021","","","3IHR8NYAM8YQ472J7WVYL1F8A0QP4R","AMKCBNKZOLM9X","Approved","Thu Apr 29 19:43:58 PDT 2021","Thu Apr 29 19:44:42 PDT 2021","Sun May 02 19:44:42 PDT 2021","Sun May 02 19:45:31 PDT 2021","","","44","100% (11/11)","100% (11/11)","100% (11/11)","#DOYOUNG","Kim Doyoung came out with a new album."
"31SIZS5W59CGI572SJ1Y4GL5J0JRQ4","35RL0GHNS8PJM3H2X9H3WABC1CMGE8","Why are hashtags trending?","Write a short summary about why a specific hashtag is trending, given tweets selected from that hashtag.","survey, demographics, twitter, hashtags, trending, popular","$0.03","Thu Apr 29 13:09:54 PDT 2021","1","BatchId:4425777;OriginalHitTemplateId:920937340;","3600","259200","Thu May 06 13:09:54 PDT 2021","","","3QIYRE09Y4E99NTN4ZZ4JE3AY0J1NW","A1X793EPL2IYGE","Approved","Thu Apr 29 14:06:21 PDT 2021","Thu Apr 29 14:06:57 PDT 2021","Sun May 02 14:06:57 PDT 2021","Sun May 02 14:07:23 PDT 2021","","","36","100% (14/14)","100% (14/14)","100% (14/14)","#europeansuperleague","European football clubs to break away from UEFA and start their own competition in 2021"
"31YWE12TE09Q9JOZ5JYKT7QYFRC7XI","35RL0GHNS8PJM3H2X9H3WABC1CMGE8","Why are hashtags trending?","Write a short summary about why a specific hashtag is trending, given tweets selected from that hashtag.","survey, demographics, twitter, hashtags, trending, popular","$0.03","Thu Apr 29 13:09:55 PDT 2021","1","BatchId:4425777;OriginalHitTemplateId:920937340;","3600","259200","Thu May 06 13:09:55 PDT 2021","","","3SKRO2GZ72O81H8K7M7ORMM646Q1K5","A37AUHEQU4W9FI","Approved","Thu Apr 29 15:19:15 PDT 2021","Thu Apr 29 15:20:15 PDT 2021","Sun May 02 15:20:15 PDT 2021","Sun May 02 15:20:23 PDT 2021","","","60","100% (11/11)","100% (11/11)","100% (11/11)","#marshelicopter","ssssssss s  s s s ssssssss"
"32ZCLEW0BZHEK5NAK1D02K944N3JPD","35RL0GHNS8PJM3H2X9H3WABC1CMGE8","Why are hashtags trending?","Write a short summary about why a specific hashtag is trending, given tweets selected from that hashtag.","survey, demographics, twitter, hashtags, trending, popular","$0.03","Thu Apr 29 13:09:51 PDT 2021","1","BatchId:4425777;OriginalHitTemplateId:920937340;","3600","259200","Thu May 06 13:09:51 PDT 2021","","","3HQUKB7LNGBS32SQ3Q7C6HMLTEVHHT","AL8KR5GQCWSVO","Approved","Thu Apr 29 17:51:58 PDT 2021","Thu Apr 29 17:53:17 PDT 2021","Sun May 02 17:53:17 PDT 2021","Sun May 02 17:53:28 PDT 2021","","","79","100% (2/2)","100% (2/2)","100% (2/2)","#BETRemembersDMX","BET is honoring recently deceased rapper Earl ""DMX"" Simmons by broadcasting exclusive coverage of his funeral celebration as well as special programming."
"338431Z1FLCDXTUMD69UFBQ54Z1ROW","35RL0GHNS8PJM3H2X9H3WABC1CMGE8","Why are hashtags trending?","Write a short summary about why a specific hashtag is trending, given tweets selected from that hashtag.","survey, demographics, twitter, hashtags, trending, popular","$0.03","Thu Apr 29 13:09:54 PDT 2021","1","BatchId:4425777;OriginalHitTemplateId:920937340;","3600","259200","Thu May 06 13:09:54 PDT 2021","","","3ERMJ6L4DZPH2RNPHE1D795NWXR7MJ","A3RDQYDQMGZ6WW","Approved","Thu Apr 29 16:29:35 PDT 2021","Thu Apr 29 16:30:35 PDT 2021","Sun May 02 16:30:35 PDT 2021","Sun May 02 16:31:26 PDT 2021","","","60","100% (4/4)","100% (4/4)","100% (4/4)","#dogecoin","dogecoin is a famous cryptocurrency such as bitcoin and ethereum. she is depopulated after elon mask tweeted that she was buying dogecoin"
"34KYK9TV2R55FE5QOQ4DZ1V2J21BS0","35RL0GHNS8PJM3H2X9H3WABC1CMGE8","Why are hashtags trending?","Write a short summary about why a specific hashtag is trending, given tweets selected from that hashtag.","survey, demographics, twitter, hashtags, trending, popular","$0.03","Thu Apr 29 13:09:55 PDT 2021","1","BatchId:4425777;OriginalHitTemplateId:920937340;","3600","259200","Thu May 06 13:09:55 PDT 2021","","","30LB5CDZND73JNMOB46Y0WR93N30ZT","A1OB8EYDHOYEKL","Approved","Thu Apr 29 16:21:11 PDT 2021","Thu Apr 29 16:23:18 PDT 2021","Sun May 02 16:23:18 PDT 2021","Sun May 02 16:23:26 PDT 2021","","","127","100% (4/4)","100% (4/4)","100% (4/4)","#marshelicopter","A helicopter has been sent to Mars for the first time in history. It is on it's second flight. It is flying higher and longer."
"34O39PNDK65TEZ5D91489RQ6X0IBRC","35RL0GHNS8PJM3H2X9H3WABC1CMGE8","Why are hashtags trending?","Write a short summary about why a specific hashtag is trending, given tweets selected from that hashtag.","survey, demographics, twitter, hashtags, trending, popular","$0.03","Thu Apr 29 13:09:54 PDT 2021","1","BatchId:4425777;OriginalHitTemplateId:920937340;","3600","259200","Thu May 06 13:09:54 PDT 2021","","","3OUYGIZWR8V95JKIOV8W9YPVTOSP0T","A1VTLBEXCBPOOF","Approved","Thu Apr 29 15:39:47 PDT 2021","Thu Apr 29 15:40:40 PDT 2021","Sun May 02 15:40:40 PDT 2021","Sun May 02 15:41:23 PDT 2021","","","53","100% (4/4)","100% (4/4)","100% (4/4)","#dogecoin","A digital currency based on the popular internet meme ""doge"" and features a Shiba Inu in its logo."
"34XASH8KLQJ4LDTVNYQSIC1L8HYMPK","35RL0GHNS8PJM3H2X9H3WABC1CMGE8","Why are hashtags trending?","Write a short summary about why a specific hashtag is trending, given tweets selected from that hashtag.","survey, demographics, twitter, hashtags, trending, popular","$0.03","Thu Apr 29 13:09:55 PDT 2021","1","BatchId:4425777;OriginalHitTemplateId:920937340;","3600","259200","Thu May 06 13:09:55 PDT 2021","","","3IRIK4HM3BHLP5XTLF27YZ0F7836C1","AO2WNSGOXAX52","Approved","Thu Apr 29 16:24:08 PDT 2021","Thu Apr 29 16:26:56 PDT 2021","Sun May 02 16:26:56 PDT 2021","Sun May 02 16:27:26 PDT 2021","","","168","100% (37/37)","100% (3/3)","100% (3/3)","#marshelicopter","Ingenuity is a small robotic solar helicopter operating on Mars as part of NASA's Mars 2020 mission. On 19 April 2021, it successfully completed the first powered controlled flight by an aircraft on a planet besides Earth, taking off vertically, hovering and landing.[9][10] The battery-powered coaxial drone rotorcraft is serving as a technology demonstrator for the potential use of flying probes on future missions to Mars and other worlds, and will have the potential to scout locations of interest and support the future planning of driving routes for Mars rovers."
"3511RHPADVB5R8RP0ET2NUMB9UWRLF","35RL0GHNS8PJM3H2X9H3WABC1CMGE8","Why are hashtags trending?","Write a short summary about why a specific hashtag is trending, given tweets selected from that hashtag.","survey, demographics, twitter, hashtags, trending, popular","$0.03","Thu Apr 29 13:09:53 PDT 2021","1","BatchId:4425777;OriginalHitTemplateId:920937340;","3600","259200","Thu May 06 13:09:53 PDT 2021","","","3VJ40NV2QJKS0S587XJR49MAGUQTOP","A37AUHEQU4W9FI","Approved","Thu Apr 29 15:15:23 PDT 2021","Thu Apr 29 15:15:36 PDT 2021","Sun May 02 15:15:36 PDT 2021","Sun May 02 15:16:23 PDT 2021","","","13","100% (11/11)","100% (11/11)","100% (11/11)","#DaunteWright","sdsda ww w w w"
"35F6NGNVM8GJS2FF09XN445S2VO7TZ","35RL0GHNS8PJM3H2X9H3WABC1CMGE8","Why are hashtags trending?","Write a short summary about why a specific hashtag is trending, given tweets selected from that hashtag.","survey, demographics, twitter, hashtags, trending, popular","$0.03","Thu Apr 29 13:09:53 PDT 2021","1","BatchId:4425777;OriginalHitTemplateId:920937340;","3600","259200","Thu May 06 13:09:53 PDT 2021","","","3JAOYWH7VJ11ASTXWZYILSH4RI8L9Q","A2KWEVSI7P1RGQ","Approved","Thu Apr 29 21:08:01 PDT 2021","Thu Apr 29 21:08:31 PDT 2021","Sun May 02 21:08:31 PDT 2021","Sun May 02 21:08:33 PDT 2021","","","30","100% (11/11)","100% (11/11)","100% (11/11)","#DOYOUNG","#DOYOUNG"
"368IUKXGA552WA830IJBTG4ZIHJP6D","35RL0GHNS8PJM3H2X9H3WABC1CMGE8","Why are hashtags trending?","Write a short summary about why a specific hashtag is trending, given tweets selected from that hashtag.","survey, demographics, twitter, hashtags, trending, popular","$0.03","Thu Apr 29 13:09:52 PDT 2021","1","BatchId:4425777;OriginalHitTemplateId:920937340;","3600","259200","Thu May 06 13:09:52 PDT 2021","","","3QECW5O0KIY6SIZQ2INSV3MJZZ75TI","AMKCBNKZOLM9X","Approved","Thu Apr 29 19:50:24 PDT 2021","Thu Apr 29 19:50:40 PDT 2021","Sun May 02 19:50:40 PDT 2021","Sun May 02 19:51:31 PDT 2021","","","16","100% (11/11)","100% (11/11)","100% (11/11)","#DOYOUNG","Kim Doyoung who is a korean popstar came out with a new album."
"36AZSFEYZ4XL76MUIL9IAOF9I6VBV5","35RL0GHNS8PJM3H2X9H3WABC1CMGE8","Why are hashtags trending?","Write a short summary about why a specific hashtag is trending, given tweets selected from that hashtag.","survey, demographics, twitter, hashtags, trending, popular","$0.03","Thu Apr 29 13:09:55 PDT 2021","1","BatchId:4425777;OriginalHitTemplateId:920937340;","3600","259200","Thu May 06 13:09:55 PDT 2021","","","3SKRO2GZ72O81H8K7M7ORMM646WK1U","A3RDQYDQMGZ6WW","Approved","Thu Apr 29 16:30:53 PDT 2021","Thu Apr 29 16:34:14 PDT 2021","Sun May 02 16:34:14 PDT 2021","Sun May 02 16:34:26 PDT 2021","","","201","100% (4/4)","100% (4/4)","100% (4/4)","#myanmar","myanmar is a Southeast Asian nation, it is now at war and there are various clashes across the country"
"36U4VBVNQOA8AYEJ9SL3EHIUMLPRU9","35RL0GHNS8PJM3H2X9H3WABC1CMGE8","Why are hashtags trending?","Write a short summary about why a specific hashtag is trending, given tweets selected from that hashtag.","survey, demographics, twitter, hashtags, trending, popular","$0.03","Thu Apr 29 13:09:56 PDT 2021","1","BatchId:4425777;OriginalHitTemplateId:920937340;","3600","259200","Thu May 06 13:09:56 PDT 2021","","","30H4UDGLT3F68XRPD0VU7VW8WQCPML","A3TDUHEBFJ53NM","Approved","Thu Apr 29 13:49:15 PDT 2021","Thu Apr 29 13:51:48 PDT 2021","Sun May 02 13:51:48 PDT 2021","Sun May 02 13:52:23 PDT 2021","","","153","100% (1/1)","100% (1/1)","100% (1/1)","#supermoon","Because a full ""pink"" supermoon will illuminate the sky tonight. Monday's supermoon has a tide-shifting twist."
"378G7J1SJLVWTYYJIMG4XY48SCAEWI","35RL0GHNS8PJM3H2X9H3WABC1CMGE8","Why are hashtags trending?","Write a short summary about why a specific hashtag is trending, given tweets selected from that hashtag.","survey, demographics, twitter, hashtags, trending, popular","$0.03","Thu Apr 29 13:09:54 PDT 2021","1","BatchId:4425777;OriginalHitTemplateId:920937340;","3600","259200","Thu May 06 13:09:54 PDT 2021","","","339ANSOTR6ZJ1N4IFTSUJL3SL8LKI0","AMKCBNKZOLM9X","Approved","Thu Apr 29 19:44:45 PDT 2021","Thu Apr 29 19:45:18 PDT 2021","Sun May 02 19:45:18 PDT 2021","Sun May 02 19:45:31 PDT 2021","","","33","100% (11/11)","100% (11/11)","100% (11/11)","#dogecoin","Doge coin is becoming a huge craze over the internet world and stocks, so a lot of people are talking about it and investing into it and mining it. S"
"379OL9DBSSBJN722PCI6QHODCNU9Y2","35RL0GHNS8PJM3H2X9H3WABC1CMGE8","Why are hashtags trending?","Write a short summary about why a specific hashtag is trending, given tweets selected from that hashtag.","survey, demographics, twitter, hashtags, trending, popular","$0.03","Thu Apr 29 13:09:55 PDT 2021","1","BatchId:4425777;OriginalHitTemplateId:920937340;","3600","259200","Thu May 06 13:09:55 PDT 2021","","","3MH9DQ757X9J8S3ZJJWT4WZA8LPGUX","APPU3QLC0TEHI","Approved","Thu Apr 29 13:10:06 PDT 2021","Thu Apr 29 13:13:57 PDT 2021","Sun May 02 13:13:57 PDT 2021","Sun May 02 13:14:21 PDT 2021","","","231","100% (4/4)","100% (4/4)","100% (4/4)","#myanmar","news that is happening right now"
"37G6BXQPLQIR912X6DHY59MM4BTEQE","35RL0GHNS8PJM3H2X9H3WABC1CMGE8","Why are hashtags trending?","Write a short summary about why a specific hashtag is trending, given tweets selected from that hashtag.","survey, demographics, twitter, hashtags, trending, popular","$0.03","Thu Apr 29 13:09:51 PDT 2021","1","BatchId:4425777;OriginalHitTemplateId:920937340;","3600","259200","Thu May 06 13:09:51 PDT 2021","","","33F859I567AICPP43YXGK6JNY1DBHU","A37AUHEQU4W9FI","Approved","Thu Apr 29 15:20:33 PDT 2021","Thu Apr 29 15:20:46 PDT 2021","Sun May 02 15:20:46 PDT 2021","Sun May 02 15:21:23 PDT 2021","","","13","100% (11/11)","100% (11/11)","100% (11/11)","#ArmenianGenocide","lkk"
"37ZQELHEQ0V4ISHI7JD0ENWQ82XMNO","35RL0GHNS8PJM3H2X9H3WABC1CMGE8","Why are hashtags trending?","Write a short summary about why a specific hashtag is trending, given tweets selected from that hashtag.","survey, demographics, twitter, hashtags, trending, popular","$0.03","Thu Apr 29 13:09:54 PDT 2021","1","BatchId:4425777;OriginalHitTemplateId:920937340;","3600","259200","Thu May 06 13:09:54 PDT 2021","","","3PJUZCGDJ7D6VL9E2APEGNVY7I998S","A2KWEVSI7P1RGQ","Approved","Thu Apr 29 21:07:21 PDT 2021","Thu Apr 29 21:07:53 PDT 2021","Sun May 02 21:07:53 PDT 2021","Sun May 02 21:08:33 PDT 2021","","","32","100% (11/11)","100% (11/11)","100% (11/11)","#europeansuperleague","#europeansuperleague"
"385MDVINFCC44EKBWNRVUEH0XK6JW8","35RL0GHNS8PJM3H2X9H3WABC1CMGE8","Why are hashtags trending?","Write a short summary about why a specific hashtag is trending, given tweets selected from that hashtag.","survey, demographics, twitter, hashtags, trending, popular","$0.03","Thu Apr 29 13:09:55 PDT 2021","1","BatchId:4425777;OriginalHitTemplateId:920937340;","3600","259200","Thu May 06 13:09:55 PDT 2021","","","3JRJSWSMQII1PKUPY4A4HKOYIT8E3Q","A37AUHEQU4W9FI","Approved","Thu Apr 29 15:20:16 PDT 2021","Thu Apr 29 15:20:22 PDT 2021","Sun May 02 15:20:22 PDT 2021","Sun May 02 15:20:23 PDT 2021","","","6","100% (11/11)","100% (11/11)","100% (11/11)","#marshelicopter","sssssssssss s"
"38DCH97KHHZZKHOPKESP2PZE9JPJQ4","35RL0GHNS8PJM3H2X9H3WABC1CMGE8","Why are hashtags trending?","Write a short summary about why a specific hashtag is trending, given tweets selected from that hashtag.","survey, demographics, twitter, hashtags, trending, popular","$0.03","Thu Apr 29 13:09:51 PDT 2021","1","BatchId:4425777;OriginalHitTemplateId:920937340;","3600","259200","Thu May 06 13:09:51 PDT 2021","","","3ZAZR5XV02FNDFH4NKZIVXTACCEZCZ","AMKCBNKZOLM9X","Approved","Thu Apr 29 19:46:32 PDT 2021","Thu Apr 29 19:47:28 PDT 2021","Sun May 02 19:47:28 PDT 2021","Sun May 02 19:47:31 PDT 2021","","","56","100% (11/11)","100% (11/11)","100% (11/11)","#BETRemembersDMX","Former rap artist DMX recently passed away and BET is a tv station that focuses on rap and R&B music and they're featuring him for all the music he has made while he was alive."
"38EHZ67RIMPY800WKF05O3NT7QBMGG","35RL0GHNS8PJM3H2X9H3WABC1CMGE8","Why are hashtags trending?","Write a short summary about why a specific hashtag is trending, given tweets selected from that hashtag.","survey, demographics, twitter, hashtags, trending, popular","$0.03","Thu Apr 29 13:09:51 PDT 2021","1","BatchId:4425777;OriginalHitTemplateId:920937340;","3600","259200","Thu May 06 13:09:51 PDT 2021","","","3R9WASFE20DUGR1EEMPJ33ED9P7FZR","A2YZA00VJ8X6NQ","Approved","Thu Apr 29 19:51:33 PDT 2021","Thu Apr 29 20:03:28 PDT 2021","Sun May 02 20:03:28 PDT 2021","Sun May 02 20:03:33 PDT 2021","","","715","100% (1/1)","100% (1/1)","100% (1/1)","#ArmenianGenocide","systematic killing, ethnic cleansing, Armenian Massacre"
"391JB9X4ZY53AMWFA6LKMVFME7SMKJ","35RL0GHNS8PJM3H2X9H3WABC1CMGE8","Why are hashtags trending?","Write a short summary about why a specific hashtag is trending, given tweets selected from that hashtag.","survey, demographics, twitter, hashtags, trending, popular","$0.03","Thu Apr 29 13:09:53 PDT 2021","1","BatchId:4425777;OriginalHitTemplateId:920937340;","3600","259200","Thu May 06 13:09:53 PDT 2021","","","3XCC1ODXDM8I5P5WIL60TZGS791RQ6","A3VYZ6NM4A0B93","Approved","Thu Apr 29 14:18:14 PDT 2021","Thu Apr 29 14:19:21 PDT 2021","Sun May 02 14:19:21 PDT 2021","Sun May 02 14:19:23 PDT 2021","","","67","100% (3/3)","100% (3/3)","100% (3/3)","#DaunteWright","Police shooting of black man named Daunte Wright"
"39KV3A5D184ID220B9SXUZ960CA7SA","35RL0GHNS8PJM3H2X9H3WABC1CMGE8","Why are hashtags trending?","Write a short summary about why a specific hashtag is trending, given tweets selected from that hashtag.","survey, demographics, twitter, hashtags, trending, popular","$0.03","Thu Apr 29 13:09:51 PDT 2021","1","BatchId:4425777;OriginalHitTemplateId:920937340;","3600","259200","Thu May 06 13:09:51 PDT 2021","","","3P59JYT76MHETLG3KZLUXWJ7FPY2TW","A1VTLBEXCBPOOF","Approved","Thu Apr 29 15:43:10 PDT 2021","Thu Apr 29 15:43:23 PDT 2021","Sun May 02 15:43:23 PDT 2021","Sun May 02 15:44:25 PDT 2021","","","13","100% (4/4)","100% (4/4)","100% (4/4)","#BETRemembersDMX","funeral event will serve as the final greeting to rapper DMX who died on April 9 at just 50 years old."
"39O0SQZVJN46CN2NWKSS4P4AEAR7RM","35RL0GHNS8PJM3H2X9H3WABC1CMGE8","Why are hashtags trending?","Write a short summary about why a specific hashtag is trending, given tweets selected from that hashtag.","survey, demographics, twitter, hashtags, trending, popular","$0.03","Thu Apr 29 13:09:51 PDT 2021","1","BatchId:4425777;OriginalHitTemplateId:920937340;","3600","259200","Thu May 06 13:09:51 PDT 2021","","","39L1G8WVWRO25J0DMGFPA054TK913Z","A3DK04WHK8FSR5","Approved","Thu Apr 29 16:09:51 PDT 2021","Thu Apr 29 16:10:37 PDT 2021","Sun May 02 16:10:37 PDT 2021","Sun May 02 16:11:26 PDT 2021","","","46","100% (3/3)","100% (3/3)","100% (3/3)","#ArmenianGenocide","This hashtag is trending because Biden became the first US President to acknowledge the Armenian Genocide. Previously, it had never been mentioned by a US President."
"3ABAOCJ4R81PLPUANB5HIHRVDDKMQB","35RL0GHNS8PJM3H2X9H3WABC1CMGE8","Why are hashtags trending?","Write a short summary about why a specific hashtag is trending, given tweets selected from that hashtag.","survey, demographics, twitter, hashtags, trending, popular","$0.03","Thu Apr 29 13:09:55 PDT 2021","1","BatchId:4425777;OriginalHitTemplateId:920937340;","3600","259200","Thu May 06 13:09:55 PDT 2021","","","3EA3QWIZ4JSI46U5926MKCQO4LYITQ","A3LN3LPE3IEXW8","Approved","Thu Apr 29 16:34:45 PDT 2021","Thu Apr 29 16:36:26 PDT 2021","Sun May 02 16:36:26 PDT 2021","Sun May 02 16:37:26 PDT 2021","","","101","100% (2/2)","100% (2/2)","100% (2/2)","#supermoon","There was a supermoon on April 27, 2021."
"3ATYLI1PRTZWZ5B9510LDK4EUI7JOW","35RL0GHNS8PJM3H2X9H3WABC1CMGE8","Why are hashtags trending?","Write a short summary about why a specific hashtag is trending, given tweets selected from that hashtag.","survey, demographics, twitter, hashtags, trending, popular","$0.03","Thu Apr 29 13:09:51 PDT 2021","1","BatchId:4425777;OriginalHitTemplateId:920937340;","3600","259200","Thu May 06 13:09:51 PDT 2021","","","36WLNQG78076SFY2DXPAZ3MA6K8BEZ","A1X793EPL2IYGE","Approved","Thu Apr 29 14:03:31 PDT 2021","Thu Apr 29 14:03:54 PDT 2021","Sun May 02 14:03:54 PDT 2021","Sun May 02 14:04:23 PDT 2021","","","23","100% (14/14)","100% (14/14)","100% (14/14)","#ArmenianGenocide","President Joe Biden for properly recognized the Armenian Genocide"
"3B9XR6P1WESCGBM01WVZ704FNJOBJK","35RL0GHNS8PJM3H2X9H3WABC1CMGE8","Why are hashtags trending?","Write a short summary about why a specific hashtag is trending, given tweets selected from that hashtag.","survey, demographics, twitter, hashtags, trending, popular","$0.03","Thu Apr 29 13:09:51 PDT 2021","1","BatchId:4425777;OriginalHitTemplateId:920937340;","3600","259200","Thu May 06 13:09:51 PDT 2021","","","3WJEQKOXA9Z2P4ZYVVUZX8JAZTJ1AB","A1X793EPL2IYGE","Approved","Thu Apr 29 13:59:27 PDT 2021","Thu Apr 29 14:00:42 PDT 2021","Sun May 02 14:00:42 PDT 2021","Sun May 02 14:01:23 PDT 2021","","","75","100% (14/14)","100% (14/14)","100% (14/14)","#BETRemembersDMX","To honor the life of DMX, BET televised and streamed “BET REMEMBERS DMX”"
"3BAWBGQGYLWY5UJ454X25MTDZG47VF","35RL0GHNS8PJM3H2X9H3WABC1CMGE8","Why are hashtags trending?","Write a short summary about why a specific hashtag is trending, given tweets selected from that hashtag.","survey, demographics, twitter, hashtags, trending, popular","$0.03","Thu Apr 29 13:09:54 PDT 2021","1","BatchId:4425777;OriginalHitTemplateId:920937340;","3600","259200","Thu May 06 13:09:54 PDT 2021","","","3Q5C1WP23NY5JYNH0Z3IPX3O7G215R","A3RBC5DVESRSEB","Approved","Thu Apr 29 16:38:47 PDT 2021","Thu Apr 29 16:39:15 PDT 2021","Sun May 02 16:39:15 PDT 2021","Sun May 02 16:39:26 PDT 2021","","","28","100% (4/4)","100% (4/4)","100% (4/4)","#dogecoin","Dogecoin is worth 40 million right now"
"3BJKPTD2QC9TALZU9NVT9LWS37IRTI","35RL0GHNS8PJM3H2X9H3WABC1CMGE8","Why are hashtags trending?","Write a short summary about why a specific hashtag is trending, given tweets selected from that hashtag.","survey, demographics, twitter, hashtags, trending, popular","$0.03","Thu Apr 29 13:09:55 PDT 2021","1","BatchId:4425777;OriginalHitTemplateId:920937340;","3600","259200","Thu May 06 13:09:55 PDT 2021","","","3KOPY89HM9Z900GHC5LVE01QN1HJ3T","A2T2HUD63D3O0O","Approved","Thu Apr 29 18:01:44 PDT 2021","Thu Apr 29 18:03:58 PDT 2021","Sun May 02 18:03:58 PDT 2021","Sun May 02 18:04:31 PDT 2021","","","134","100% (5/5)","100% (5/5)","100% (5/5)","#myanmar","There is an ongoing military coup in Myanmar. On Thursday, April 29, two military bases were attacked."
"3CIS7GGG65GJ1U9ENM13FAJB7WZEUJ","35RL0GHNS8PJM3H2X9H3WABC1CMGE8","Why are hashtags trending?","Write a short summary about why a specific hashtag is trending, given tweets selected from that hashtag.","survey, demographics, twitter, hashtags, trending, popular","$0.03","Thu Apr 29 13:09:53 PDT 2021","1","BatchId:4425777;OriginalHitTemplateId:920937340;","3600","259200","Thu May 06 13:09:53 PDT 2021","","","36W0OB37HXBEUNSK9CDJ6OQQP3MZH9","A1X793EPL2IYGE","Approved","Thu Apr 29 14:07:27 PDT 2021","Thu Apr 29 14:07:35 PDT 2021","Sun May 02 14:07:35 PDT 2021","Sun May 02 14:08:23 PDT 2021","","","8","100% (14/14)","100% (14/14)","100% (14/14)","#GEICO500","The GEICO 500 is a NASCAR Cup Series stock car race held at the Talladega Superspeedway in Lincoln, Alabama. The race is usually held in April or May."
"3CRWSLD91K1M0DHU8YDDTCWVYC2MO3","35RL0GHNS8PJM3H2X9H3WABC1CMGE8","Why are hashtags trending?","Write a short summary about why a specific hashtag is trending, given tweets selected from that hashtag.","survey, demographics, twitter, hashtags, trending, popular","$0.03","Thu Apr 29 13:09:54 PDT 2021","1","BatchId:4425777;OriginalHitTemplateId:920937340;","3600","259200","Thu May 06 13:09:54 PDT 2021","","","338JKRMM27WDTFKCXKXKPVZHGIFAHJ","A1X793EPL2IYGE","Approved","Thu Apr 29 14:01:50 PDT 2021","Thu Apr 29 14:02:05 PDT 2021","Sun May 02 14:02:05 PDT 2021","Sun May 02 14:02:24 PDT 2021","","","15","100% (14/14)","100% (14/14)","100% (14/14)","#europeansuperleague","Top European football clubs to break away from UEFA and start their own competition in 2021."
"3CVBMEMMXBDTNTOK0FGYQL24R1TH7Z","35RL0GHNS8PJM3H2X9H3WABC1CMGE8","Why are hashtags trending?","Write a short summary about why a specific hashtag is trending, given tweets selected from that hashtag.","survey, demographics, twitter, hashtags, trending, popular","$0.03","Thu Apr 29 13:09:55 PDT 2021","1","BatchId:4425777;OriginalHitTemplateId:920937340;","3600","259200","Thu May 06 13:09:55 PDT 2021","","","31HQ4X3T3T7JF7PW55Y92NMUJ6ELSI","A3RBC5DVESRSEB","Approved","Thu Apr 29 16:39:39 PDT 2021","Thu Apr 29 16:40:10 PDT 2021","Sun May 02 16:40:10 PDT 2021","Sun May 02 16:40:26 PDT 2021","","","31","100% (4/4)","100% (4/4)","100% (4/4)","#myanmar","Military attack due to coup"
"3D3B8GE892OPETA1YPMNDQV18IR9P8","35RL0GHNS8PJM3H2X9H3WABC1CMGE8","Why are hashtags trending?","Write a short summary about why a specific hashtag is trending, given tweets selected from that hashtag.","survey, demographics, twitter, hashtags, trending, popular","$0.03","Thu Apr 29 13:09:51 PDT 2021","1","BatchId:4425777;OriginalHitTemplateId:920937340;","3600","259200","Thu May 06 13:09:51 PDT 2021","","","3F0BG9B9MQKHW8C30HPO14SU575Y70","A3RBC5DVESRSEB","Approved","Thu Apr 29 16:38:04 PDT 2021","Thu Apr 29 16:38:47 PDT 2021","Sun May 02 16:38:47 PDT 2021","Sun May 02 16:39:26 PDT 2021","","","43","100% (4/4)","100% (4/4)","100% (4/4)","#ArmenianGenocide","Biden recognized the armenian genocide"
"3D3B8GE892OPETA1YPMNDQV18IRP9O","35RL0GHNS8PJM3H2X9H3WABC1CMGE8","Why are hashtags trending?","Write a short summary about why a specific hashtag is trending, given tweets selected from that hashtag.","survey, demographics, twitter, hashtags, trending, popular","$0.03","Thu Apr 29 13:09:55 PDT 2021","1","BatchId:4425777;OriginalHitTemplateId:920937340;","3600","259200","Thu May 06 13:09:55 PDT 2021","","","3WYP994K18OYS8YYH7KWVQSYAWJY6Z","A3DK04WHK8FSR5","Approved","Thu Apr 29 16:08:18 PDT 2021","Thu Apr 29 16:09:23 PDT 2021","Sun May 02 16:09:23 PDT 2021","Sun May 02 16:09:26 PDT 2021","","","65","100% (3/3)","100% (3/3)","100% (3/3)","#marshelicopter","This hashtag is trending because NASA launched a helicopter from Mars last month."
"3D7VY91L65U2HJSL4T8RNSWWRDJBMO","35RL0GHNS8PJM3H2X9H3WABC1CMGE8","Why are hashtags trending?","Write a short summary about why a specific hashtag is trending, given tweets selected from that hashtag.","survey, demographics, twitter, hashtags, trending, popular","$0.03","Thu Apr 29 13:09:53 PDT 2021","1","BatchId:4425777;OriginalHitTemplateId:920937340;","3600","259200","Thu May 06 13:09:53 PDT 2021","","","3V5Q80FXIYO9U4I95KF3FJF9LQ332Y","AMKCBNKZOLM9X","Approved","Thu Apr 29 19:49:42 PDT 2021","Thu Apr 29 19:50:22 PDT 2021","Sun May 02 19:50:22 PDT 2021","Sun May 02 19:50:31 PDT 2021","","","40","100% (11/11)","100% (11/11)","100% (11/11)","#DaunteWright","Daunte Wright was an African American Male who recently was killed during a traffic stop for no apparent reason by the police while him and his girlfriend were on the way to his brothers house."
"3DFYDSXB2WXRCAV61NCUCQW3C4VJU9","35RL0GHNS8PJM3H2X9H3WABC1CMGE8","Why are hashtags trending?","Write a short summary about why a specific hashtag is trending, given tweets selected from that hashtag.","survey, demographics, twitter, hashtags, trending, popular","$0.03","Thu Apr 29 13:09:53 PDT 2021","1","BatchId:4425777;OriginalHitTemplateId:920937340;","3600","259200","Thu May 06 13:09:53 PDT 2021","","","33TIN5LC057LAR0WFEN8F0J00W6Y9N","A22FT5BPWKBS28","Approved","Thu Apr 29 13:31:25 PDT 2021","Thu Apr 29 13:35:02 PDT 2021","Sun May 02 13:35:02 PDT 2021","Sun May 02 13:35:23 PDT 2021","","","217","100% (1/1)","100% (1/1)","100% (1/1)","#GEICO500","One random winner will be selected after the race to win the  @GEICO  car topper, straight from victory lane! One week away from RACE WEEK ? Race is gonna start in a week and every one is waiting for a race."
"3DQYSJDTYL8BIY39SRCQZHIF1EGEXB","35RL0GHNS8PJM3H2X9H3WABC1CMGE8","Why are hashtags trending?","Write a short summary about why a specific hashtag is trending, given tweets selected from that hashtag.","survey, demographics, twitter, hashtags, trending, popular","$0.03","Thu Apr 29 13:09:54 PDT 2021","1","BatchId:4425777;OriginalHitTemplateId:920937340;","3600","259200","Thu May 06 13:09:54 PDT 2021","","","3A1PQ49WVIEHZR7C114REU6ECPBH16","A2KWEVSI7P1RGQ","Approved","Thu Apr 29 21:09:40 PDT 2021","Thu Apr 29 21:10:45 PDT 2021","Sun May 02 21:10:45 PDT 2021","Sun May 02 21:11:33 PDT 2021","","","65","100% (11/11)","100% (11/11)","100% (11/11)","#europeansuperleague","#europeansuperleague"
"3DTJ4WT8BDC0NT3OT90BW2YQ9EEEZ8","35RL0GHNS8PJM3H2X9H3WABC1CMGE8","Why are hashtags trending?","Write a short summary about why a specific hashtag is trending, given tweets selected from that hashtag.","survey, demographics, twitter, hashtags, trending, popular","$0.03","Thu Apr 29 13:09:54 PDT 2021","1","BatchId:4425777;OriginalHitTemplateId:920937340;","3600","259200","Thu May 06 13:09:54 PDT 2021","","","3S06PH7KSS10NB2AF5L1N9RGKXI1DH","A2KWEVSI7P1RGQ","Approved","Thu Apr 29 21:04:57 PDT 2021","Thu Apr 29 21:05:54 PDT 2021","Sun May 02 21:05:54 PDT 2021","Sun May 02 21:06:33 PDT 2021","","","57","100% (11/11)","100% (11/11)","100% (11/11)","#europeansuperleague","#europeansuperleague"
"3EHIMLB7F7WXN7T3AK844LYZ2LZH8M","35RL0GHNS8PJM3H2X9H3WABC1CMGE8","Why are hashtags trending?","Write a short summary about why a specific hashtag is trending, given tweets selected from that hashtag.","survey, demographics, twitter, hashtags, trending, popular","$0.03","Thu Apr 29 13:09:56 PDT 2021","1","BatchId:4425777;OriginalHitTemplateId:920937340;","3600","259200","Thu May 06 13:09:56 PDT 2021","","","3TOK3KHVJUF52U81UUGQZDUSRWM7OC","A1X793EPL2IYGE","Approved","Thu Apr 29 13:55:30 PDT 2021","Thu Apr 29 13:57:11 PDT 2021","Sun May 02 13:57:11 PDT 2021","Sun May 02 13:57:24 PDT 2021","","","101","100% (14/14)","100% (14/14)","100% (14/14)","#supermoon","We just had a super moon on 4/27, everyone is posting their photos of it and tagging it"
"3EKTG13IZU0EUSEXV6XL1VS137XMLM","35RL0GHNS8PJM3H2X9H3WABC1CMGE8","Why are hashtags trending?","Write a short summary about why a specific hashtag is trending, given tweets selected from that hashtag.","survey, demographics, twitter, hashtags, trending, popular","$0.03","Thu Apr 29 13:09:53 PDT 2021","1","BatchId:4425777;OriginalHitTemplateId:920937340;","3600","259200","Thu May 06 13:09:53 PDT 2021","","","3IOEN3P9S8G122NV5IDNH3HO3BE61D","A5QYOSMX6XDHP","Approved","Thu Apr 29 16:52:18 PDT 2021","Thu Apr 29 17:04:04 PDT 2021","Sun May 02 17:04:04 PDT 2021","Sun May 02 17:04:26 PDT 2021","","","706","100% (3/3)","100% (3/3)","100% (3/3)","#GEICO500","The GEICO 500 races are part of NASCAR Cup Series stock car race that was held this past Sunday at the Talladega Superspeedway in Lincoln, Alabama. This year had some surprising new entrances that were unexpected. The race was so tight but as was almost expected Brad Keselowski toped the rece with 49 points running."
"3EN4YVUOUCPJTEP16SNHWXV76MCJX1","35RL0GHNS8PJM3H2X9H3WABC1CMGE8","Why are hashtags trending?","Write a short summary about why a specific hashtag is trending, given tweets selected from that hashtag.","survey, demographics, twitter, hashtags, trending, popular","$0.03","Thu Apr 29 13:09:55 PDT 2021","1","BatchId:4425777;OriginalHitTemplateId:920937340;","3600","259200","Thu May 06 13:09:55 PDT 2021","","","3VAR3R6G1QY928DK4Z8WDDQN2HC8OM","AO2WNSGOXAX52","Approved","Thu Apr 29 16:24:16 PDT 2021","Thu Apr 29 16:28:05 PDT 2021","Sun May 02 16:28:05 PDT 2021","Sun May 02 16:28:26 PDT 2021","","","229","100% (37/37)","100% (3/3)","100% (3/3)","#supermoon","A supermoon is a full moon or a new moon that nearly coincides with perigee—the closest that the Moon comes to the Earth in its elliptic orbit—resulting in a slightly larger-than-usual apparent size of the lunar disk as viewed from Earth. The technical name is a perigee syzygy or a full Moon around perigee."
"3EPG8DX9LKN6D68PVZ961AQZMM8P5X","35RL0GHNS8PJM3H2X9H3WABC1CMGE8","Why are hashtags trending?","Write a short summary about why a specific hashtag is trending, given tweets selected from that hashtag.","survey, demographics, twitter, hashtags, trending, popular","$0.03","Thu Apr 29 13:09:52 PDT 2021","1","BatchId:4425777;OriginalHitTemplateId:920937340;","3600","259200","Thu May 06 13:09:52 PDT 2021","","","3KIBXJ1WD6RTX9FLDO5Z3IZEXHDKOO","A2T2HUD63D3O0O","Approved","Thu Apr 29 17:57:48 PDT 2021","Thu Apr 29 18:01:44 PDT 2021","Sun May 02 18:01:44 PDT 2021","Sun May 02 18:02:31 PDT 2021","","","236","100% (5/5)","100% (5/5)","100% (5/5)","#BETRemembersDMX","Television channel BET televised an event called ""BET Remembers DMX"" on April 25, in honour of recently deceased rapper Earl “DMX” Simmons."
"3FO95NVK5CXSVLMFKNQ3ZG061O4RST","35RL0GHNS8PJM3H2X9H3WABC1CMGE8","Why are hashtags trending?","Write a short summary about why a specific hashtag is trending, given tweets selected from that hashtag.","survey, demographics, twitter, hashtags, trending, popular","$0.03","Thu Apr 29 13:09:55 PDT 2021","1","BatchId:4425777;OriginalHitTemplateId:920937340;","3600","259200","Thu May 06 13:09:55 PDT 2021","","","32RIADZIST1NHZIBZDZSG6KJXKCS4P","A37AUHEQU4W9FI","Approved","Thu Apr 29 15:16:59 PDT 2021","Thu Apr 29 15:19:00 PDT 2021","Sun May 02 15:19:00 PDT 2021","Sun May 02 15:19:23 PDT 2021","","","121","100% (11/11)","100% (11/11)","100% (11/11)","#myanmar","s we fdsfa efefafd e  w"
"3FSEU3P2NRXGU6M25YQY96VAFMLRR5","35RL0GHNS8PJM3H2X9H3WABC1CMGE8","Why are hashtags trending?","Write a short summary about why a specific hashtag is trending, given tweets selected from that hashtag.","survey, demographics, twitter, hashtags, trending, popular","$0.03","Thu Apr 29 13:09:55 PDT 2021","1","BatchId:4425777;OriginalHitTemplateId:920937340;","3600","259200","Thu May 06 13:09:55 PDT 2021","","","3PZDLQMM0UIX74ESYDQ48MJ3R342CJ","A5QYOSMX6XDHP","Approved","Thu Apr 29 17:17:22 PDT 2021","Thu Apr 29 17:27:32 PDT 2021","Sun May 02 17:27:32 PDT 2021","Sun May 02 17:28:28 PDT 2021","","","610","100% (3/3)","100% (3/3)","100% (3/3)","#myanmar","A peaceful candle-lit night strike was held severals hours ago in Aung Myay Kwat Thit to oppose the recent military coup. Daily protest intesify against military rule in Myanmar. Aung San Suu Kyi still under arrest by the Junta leadership depicting more demostrations by her supporters seeking her release."
"3H781YYV6TF41HUPNHBTAEX9OISETS","35RL0GHNS8PJM3H2X9H3WABC1CMGE8","Why are hashtags trending?","Write a short summary about why a specific hashtag is trending, given tweets selected from that hashtag.","survey, demographics, twitter, hashtags, trending, popular","$0.03","Thu Apr 29 13:09:52 PDT 2021","1","BatchId:4425777;OriginalHitTemplateId:920937340;","3600","259200","Thu May 06 13:09:52 PDT 2021","","","31UV0MXWNR9GJ4JF86OOHWKAOHU5I2","A1X793EPL2IYGE","Approved","Thu Apr 29 14:09:06 PDT 2021","Thu Apr 29 14:10:34 PDT 2021","Sun May 02 14:10:34 PDT 2021","Sun May 02 14:11:23 PDT 2021","","","88","100% (14/14)","100% (14/14)","100% (14/14)","#DOYOUNG","A musician named Doyoung of NCT will be the male lead in a television drama that will air on Friday."
"3HEADTGN2PP8ND3JEIV8A3KD0SYRVY","35RL0GHNS8PJM3H2X9H3WABC1CMGE8","Why are hashtags trending?","Write a short summary about why a specific hashtag is trending, given tweets selected from that hashtag.","survey, demographics, twitter, hashtags, trending, popular","$0.03","Thu Apr 29 13:09:56 PDT 2021","1","BatchId:4425777;OriginalHitTemplateId:920937340;","3600","259200","Thu May 06 13:09:56 PDT 2021","","","308XBLVESJ1V1J37Z39AYALTLA0BRG","A2KWEVSI7P1RGQ","Approved","Thu Apr 29 21:06:32 PDT 2021","Thu Apr 29 21:07:19 PDT 2021","Sun May 02 21:07:19 PDT 2021","Sun May 02 21:07:33 PDT 2021","","","47","100% (11/11)","100% (11/11)","100% (11/11)","#supermoon","#supermoon"
"3I4E7AFQ2KWCCXGH1IMK7UA1TQOJTI","35RL0GHNS8PJM3H2X9H3WABC1CMGE8","Why are hashtags trending?","Write a short summary about why a specific hashtag is trending, given tweets selected from that hashtag.","survey, demographics, twitter, hashtags, trending, popular","$0.03","Thu Apr 29 13:09:53 PDT 2021","1","BatchId:4425777;OriginalHitTemplateId:920937340;","3600","259200","Thu May 06 13:09:53 PDT 2021","","","3FE7TXL1LJK115OB3VRZSR8KVIGQ2N","AMKCBNKZOLM9X","Approved","Thu Apr 29 19:47:32 PDT 2021","Thu Apr 29 19:48:47 PDT 2021","Sun May 02 19:48:47 PDT 2021","Sun May 02 19:49:31 PDT 2021","","","75","100% (11/11)","100% (11/11)","100% (11/11)","#DaunteWright","Daunte Wright was an African American male who recently was shot by the police for no reason over an altercation when he was pulled over by the police while he was on the way over to his brothers house."
"3IZPORCT1F635C8Z9TE4V2T4SDNRH8","35RL0GHNS8PJM3H2X9H3WABC1CMGE8","Why are hashtags trending?","Write a short summary about why a specific hashtag is trending, given tweets selected from that hashtag.","survey, demographics, twitter, hashtags, trending, popular","$0.03","Thu Apr 29 13:09:51 PDT 2021","1","BatchId:4425777;OriginalHitTemplateId:920937340;","3600","259200","Thu May 06 13:09:51 PDT 2021","","","3TE3O8573151D63BGAGZXHIPR4XR24","A37AUHEQU4W9FI","Approved","Thu Apr 29 15:15:37 PDT 2021","Thu Apr 29 15:16:58 PDT 2021","Sun May 02 15:16:58 PDT 2021","Sun May 02 15:17:23 PDT 2021","","","81","100% (11/11)","100% (11/11)","100% (11/11)","#ArmenianGenocide","zz sdssdwf feerge efer  erees se e"
"3J9L0X0VDFJFY272AB0I5K3X1FU9W3","35RL0GHNS8PJM3H2X9H3WABC1CMGE8","Why are hashtags trending?","Write a short summary about why a specific hashtag is trending, given tweets selected from that hashtag.","survey, demographics, twitter, hashtags, trending, popular","$0.03","Thu Apr 29 13:09:55 PDT 2021","1","BatchId:4425777;OriginalHitTemplateId:920937340;","3600","259200","Thu May 06 13:09:55 PDT 2021","","","32SVAV9L3G6YZ7DDIZ8IL1Y7XDYA3D","A1X793EPL2IYGE","Approved","Thu Apr 29 14:08:06 PDT 2021","Thu Apr 29 14:09:05 PDT 2021","Sun May 02 14:09:05 PDT 2021","Sun May 02 14:09:23 PDT 2021","","","59","100% (14/14)","100% (14/14)","100% (14/14)","#myanmar","Rockets were fired at two Myanmar airbases in the UN"
"3JGHED38EDOF9OE9AFKMCLX7HX67YO","35RL0GHNS8PJM3H2X9H3WABC1CMGE8","Why are hashtags trending?","Write a short summary about why a specific hashtag is trending, given tweets selected from that hashtag.","survey, demographics, twitter, hashtags, trending, popular","$0.03","Thu Apr 29 13:09:55 PDT 2021","1","BatchId:4425777;OriginalHitTemplateId:920937340;","3600","259200","Thu May 06 13:09:55 PDT 2021","","","3ND9UOO81LZCMO65PA8AZCPFPJTLWG","A2KWEVSI7P1RGQ","Approved","Thu Apr 29 21:12:16 PDT 2021","Thu Apr 29 21:12:33 PDT 2021","Sun May 02 21:12:33 PDT 2021","Sun May 02 21:13:33 PDT 2021","","","17","100% (11/11)","100% (11/11)","100% (11/11)","#myanmar","#myanmar"
"3JHB4BPSFK6AE5BGY21CDVLBDED9QZ","35RL0GHNS8PJM3H2X9H3WABC1CMGE8","Why are hashtags trending?","Write a short summary about why a specific hashtag is trending, given tweets selected from that hashtag.","survey, demographics, twitter, hashtags, trending, popular","$0.03","Thu Apr 29 13:09:53 PDT 2021","1","BatchId:4425777;OriginalHitTemplateId:920937340;","3600","259200","Thu May 06 13:09:53 PDT 2021","","","3BF51CHDTW7HS2MU5I0R0PN47XSH0Q","AL8KR5GQCWSVO","Approved","Thu Apr 29 17:49:10 PDT 2021","Thu Apr 29 17:51:58 PDT 2021","Sun May 02 17:51:58 PDT 2021","Sun May 02 17:52:28 PDT 2021","","","168","100% (2/2)","100% (2/2)","100% (2/2)","#DaunteWright","He was a black man who was killed by the police. Civil rights activists and celebrities are saying his name so he isn't forgotten."
"3K3IX1W4S6O3JCK6QV0N9L6LE09PA3","35RL0GHNS8PJM3H2X9H3WABC1CMGE8","Why are hashtags trending?","Write a short summary about why a specific hashtag is trending, given tweets selected from that hashtag.","survey, demographics, twitter, hashtags, trending, popular","$0.03","Thu Apr 29 13:09:55 PDT 2021","1","BatchId:4425777;OriginalHitTemplateId:920937340;","3600","259200","Thu May 06 13:09:55 PDT 2021","","","392CY0QWG2OYNLFFU15EC4EWOMW4IV","AMKCBNKZOLM9X","Approved","Thu Apr 29 19:45:21 PDT 2021","Thu Apr 29 19:46:06 PDT 2021","Sun May 02 19:46:06 PDT 2021","Sun May 02 19:46:31 PDT 2021","","","45","100% (11/11)","100% (11/11)","100% (11/11)","#myanmar","It appears that rockets were fired at two bases in Myanmar"
"3KA7IJSNW6282MPYW90J4WQRWIUBPK","35RL0GHNS8PJM3H2X9H3WABC1CMGE8","Why are hashtags trending?","Write a short summary about why a specific hashtag is trending, given tweets selected from that hashtag.","survey, demographics, twitter, hashtags, trending, popular","$0.03","Thu Apr 29 13:09:54 PDT 2021","1","BatchId:4425777;OriginalHitTemplateId:920937340;","3600","259200","Thu May 06 13:09:54 PDT 2021","","","33LK57MYLU23KW60K6PIA2XSYFGZS9","AIMT4BIINBSNQ","Approved","Thu Apr 29 15:24:13 PDT 2021","Thu Apr 29 15:26:38 PDT 2021","Sun May 02 15:26:38 PDT 2021","Sun May 02 15:27:23 PDT 2021","","","145","100% (1/1)","100% (1/1)","100% (1/1)","#dogecoin","is a cryptocurrency easy investment profit for everyone"
"3KA7IJSNW6282MPYW90J4WQRWIUPBY","35RL0GHNS8PJM3H2X9H3WABC1CMGE8","Why are hashtags trending?","Write a short summary about why a specific hashtag is trending, given tweets selected from that hashtag.","survey, demographics, twitter, hashtags, trending, popular","$0.03","Thu Apr 29 13:09:56 PDT 2021","1","BatchId:4425777;OriginalHitTemplateId:920937340;","3600","259200","Thu May 06 13:09:56 PDT 2021","","","37TD41K0AI6QC3VQSS5AZ4W7PXWCSP","A1VTLBEXCBPOOF","Approved","Thu Apr 29 15:37:23 PDT 2021","Thu Apr 29 15:38:53 PDT 2021","Sun May 02 15:38:53 PDT 2021","Sun May 02 15:39:23 PDT 2021","","","90","100% (4/4)","100% (4/4)","100% (4/4)","#supermoon","Tuesday night's supermoon is the first of several for 2021."
"3KQC8JMJGCPBMANXY3D8D4QOMZ7H3U","35RL0GHNS8PJM3H2X9H3WABC1CMGE8","Why are hashtags trending?","Write a short summary about why a specific hashtag is trending, given tweets selected from that hashtag.","survey, demographics, twitter, hashtags, trending, popular","$0.03","Thu Apr 29 13:09:51 PDT 2021","1","BatchId:4425777;OriginalHitTemplateId:920937340;","3600","259200","Thu May 06 13:09:51 PDT 2021","","","3FK0YFF9P0D234IUD45K0J4398HVVN","A2T2HUD63D3O0O","Approved","Thu Apr 29 18:06:23 PDT 2021","Thu Apr 29 18:07:24 PDT 2021","Sun May 02 18:07:24 PDT 2021","Sun May 02 18:07:31 PDT 2021","","","61","100% (5/5)","100% (5/5)","100% (5/5)","#ArmenianGenocide","President Joe Biden is being applauded for recognizing the Armenian Genocide."
"3LCXHSGDLT33MHHAYH63091NMZEES3","35RL0GHNS8PJM3H2X9H3WABC1CMGE8","Why are hashtags trending?","Write a short summary about why a specific hashtag is trending, given tweets selected from that hashtag.","survey, demographics, twitter, hashtags, trending, popular","$0.03","Thu Apr 29 13:09:52 PDT 2021","1","BatchId:4425777;OriginalHitTemplateId:920937340;","3600","259200","Thu May 06 13:09:52 PDT 2021","","","32RIADZIST1NHZIBZDZSG6KJXKP4SE","A2BNQ8VAMP3ZYO","Approved","Thu Apr 29 17:37:08 PDT 2021","Thu Apr 29 18:32:52 PDT 2021","Sun May 02 18:32:52 PDT 2021","Sun May 02 18:33:31 PDT 2021","","","3344","100% (1/1)","100% (1/1)","100% (1/1)","#DOYOUNG","great"
"3LEG2HW4UFK2NW08ZDB3R99J06UF2J","35RL0GHNS8PJM3H2X9H3WABC1CMGE8","Why are hashtags trending?","Write a short summary about why a specific hashtag is trending, given tweets selected from that hashtag.","survey, demographics, twitter, hashtags, trending, popular","$0.03","Thu Apr 29 13:09:56 PDT 2021","1","BatchId:4425777;OriginalHitTemplateId:920937340;","3600","259200","Thu May 06 13:09:56 PDT 2021","","","3DHE4R9OCX8AOGUX0ZMNYD4IPVTG24","A3RDQYDQMGZ6WW","Approved","Thu Apr 29 16:35:05 PDT 2021","Thu Apr 29 16:36:31 PDT 2021","Sun May 02 16:36:31 PDT 2021","Sun May 02 16:37:26 PDT 2021","","","86","100% (4/4)","100% (4/4)","100% (4/4)","#supermoon","supermoon is the coincidence of full moon with the shortest distance between earth and moon. This means that the moon is seen much larger than usual and therefore many people are interested in seeing and photographing it"
"3LG268AV383RL2HXJS6YAZWR0XVERF","35RL0GHNS8PJM3H2X9H3WABC1CMGE8","Why are hashtags trending?","Write a short summary about why a specific hashtag is trending, given tweets selected from that hashtag.","survey, demographics, twitter, hashtags, trending, popular","$0.03","Thu Apr 29 13:09:52 PDT 2021","1","BatchId:4425777;OriginalHitTemplateId:920937340;","3600","259200","Thu May 06 13:09:52 PDT 2021","","","3VA45EW49OKRR8TZ5EZHY33FOBPO11","A2KWEVSI7P1RGQ","Approved","Thu Apr 29 21:08:34 PDT 2021","Thu Apr 29 21:08:52 PDT 2021","Sun May 02 21:08:52 PDT 2021","Sun May 02 21:09:33 PDT 2021","","","18","100% (11/11)","100% (11/11)","100% (11/11)","#DOYOUNG","#DOYOUNG"
"3LXX8KJXPW67TTY0JP98OQQBYDV9OR","35RL0GHNS8PJM3H2X9H3WABC1CMGE8","Why are hashtags trending?","Write a short summary about why a specific hashtag is trending, given tweets selected from that hashtag.","survey, demographics, twitter, hashtags, trending, popular","$0.03","Thu Apr 29 13:09:51 PDT 2021","1","BatchId:4425777;OriginalHitTemplateId:920937340;","3600","259200","Thu May 06 13:09:51 PDT 2021","","","30X31N5D64N2JOYS8E9JT96JPTWSAM","A1X793EPL2IYGE","Approved","Thu Apr 29 14:02:55 PDT 2021","Thu Apr 29 14:03:25 PDT 2021","Sun May 02 14:03:25 PDT 2021","Sun May 02 14:04:23 PDT 2021","","","30","100% (14/14)","100% (14/14)","100% (14/14)","#ArmenianGenocide","President Joe Biden for properly recognized the Armenian Genocide"
"3M93N4X8HKKBXX32CIHUXPEFR7AJST","35RL0GHNS8PJM3H2X9H3WABC1CMGE8","Why are hashtags trending?","Write a short summary about why a specific hashtag is trending, given tweets selected from that hashtag.","survey, demographics, twitter, hashtags, trending, popular","$0.03","Thu Apr 29 13:09:53 PDT 2021","1","BatchId:4425777;OriginalHitTemplateId:920937340;","3600","259200","Thu May 06 13:09:53 PDT 2021","","","37QW5D2ZRHJO005DBGP5XI0OZ6ES82","A1OB8EYDHOYEKL","Approved","Thu Apr 29 16:18:57 PDT 2021","Thu Apr 29 16:20:58 PDT 2021","Sun May 02 16:20:58 PDT 2021","Sun May 02 16:21:26 PDT 2021","","","121","100% (4/4)","100% (4/4)","100% (4/4)","#DaunteWright","An officer fatally shot Daunte Wright. The officer was white and Daunte was black. Riots took place in the city Daunte's death happened."
"3MD8CKRQZZKZWI3PXTHP7F9J55RJR5","35RL0GHNS8PJM3H2X9H3WABC1CMGE8","Why are hashtags trending?","Write a short summary about why a specific hashtag is trending, given tweets selected from that hashtag.","survey, demographics, twitter, hashtags, trending, popular","$0.03","Thu Apr 29 13:09:52 PDT 2021","1","BatchId:4425777;OriginalHitTemplateId:920937340;","3600","259200","Thu May 06 13:09:52 PDT 2021","","","3M1CVSFP612Q68JFGAKEY9RI759QAT","A1X2JFPIVX3KN0","Approved","Thu Apr 29 13:51:06 PDT 2021","Thu Apr 29 13:52:16 PDT 2021","Sun May 02 13:52:16 PDT 2021","Sun May 02 13:52:23 PDT 2021","","","70","100% (2/2)","100% (2/2)","100% (2/2)","#DOYOUNG","He is a member of a K-POP group called NCT"
"3MD8CKRQZZKZWI3PXTHP7F9J55RRJD","35RL0GHNS8PJM3H2X9H3WABC1CMGE8","Why are hashtags trending?","Write a short summary about why a specific hashtag is trending, given tweets selected from that hashtag.","survey, demographics, twitter, hashtags, trending, popular","$0.03","Thu Apr 29 13:09:51 PDT 2021","1","BatchId:4425777;OriginalHitTemplateId:920937340;","3600","259200","Thu May 06 13:09:51 PDT 2021","","","3QBD8R3Z22G8J7QISWIJW1AI0VAO4P","A37AUHEQU4W9FI","Approved","Thu Apr 29 15:21:07 PDT 2021","Thu Apr 29 15:21:17 PDT 2021","Sun May 02 15:21:17 PDT 2021","Sun May 02 15:21:23 PDT 2021","","","10","100% (11/11)","100% (11/11)","100% (11/11)","#BETRemembersDMX","ssssss sssssss ssssssss ssss"
"3MXX6RQ9EV2OHN4PHUQWWIKLMQDP4S","35RL0GHNS8PJM3H2X9H3WABC1CMGE8","Why are hashtags trending?","Write a short summary about why a specific hashtag is trending, given tweets selected from that hashtag.","survey, demographics, twitter, hashtags, trending, popular","$0.03","Thu Apr 29 13:09:52 PDT 2021","1","BatchId:4425777;OriginalHitTemplateId:920937340;","3600","259200","Thu May 06 13:09:52 PDT 2021","","","3OLQQLKKNTMCAYWE1P2RXR5NEPIEJO","A1X793EPL2IYGE","Approved","Thu Apr 29 14:07:39 PDT 2021","Thu Apr 29 14:08:06 PDT 2021","Sun May 02 14:08:06 PDT 2021","Sun May 02 14:08:23 PDT 2021","","","27","100% (14/14)","100% (14/14)","100% (14/14)","#BETRemembersDMX","BET aired a show honoring the legend DMX"
"3MZ3TAMYTLK317JJFBWPVEUJSQ2RI1","35RL0GHNS8PJM3H2X9H3WABC1CMGE8","Why are hashtags trending?","Write a short summary about why a specific hashtag is trending, given tweets selected from that hashtag.","survey, demographics, twitter, hashtags, trending, popular","$0.03","Thu Apr 29 13:09:51 PDT 2021","1","BatchId:4425777;OriginalHitTemplateId:920937340;","3600","259200","Thu May 06 13:09:51 PDT 2021","","","3OVR4I9USQGB4J3Y79ANL65IFVFQ4K","A1X793EPL2IYGE","Approved","Thu Apr 29 14:04:02 PDT 2021","Thu Apr 29 14:04:22 PDT 2021","Sun May 02 14:04:22 PDT 2021","Sun May 02 14:04:23 PDT 2021","","","20","100% (14/14)","100% (14/14)","100% (14/14)","#BETRemembersDMX","BET aired a show honoring and remembering legend DMX"
"3N2YPY1GI6VJE9YESCB8BWLUL38EV8","35RL0GHNS8PJM3H2X9H3WABC1CMGE8","Why are hashtags trending?","Write a short summary about why a specific hashtag is trending, given tweets selected from that hashtag.","survey, demographics, twitter, hashtags, trending, popular","$0.03","Thu Apr 29 13:09:54 PDT 2021","1","BatchId:4425777;OriginalHitTemplateId:920937340;","3600","259200","Thu May 06 13:09:54 PDT 2021","","","31LM9EDVOMPG449RUO5ANEZWSI4JN5","A1CTJ8UT7SF317","Approved","Thu Apr 29 17:18:07 PDT 2021","Thu Apr 29 17:18:57 PDT 2021","Sun May 02 17:18:57 PDT 2021","Sun May 02 17:19:28 PDT 2021","","","50","100% (1/1)","100% (1/1)","100% (1/1)","#GEICO500","GEICO is hosting some special sales events for their services.  New customers can get some great rates on special deals too."
"3NCN4N1H1GE8Z1DLGUNR07LWW3TBNO","35RL0GHNS8PJM3H2X9H3WABC1CMGE8","Why are hashtags trending?","Write a short summary about why a specific hashtag is trending, given tweets selected from that hashtag.","survey, demographics, twitter, hashtags, trending, popular","$0.03","Thu Apr 29 13:09:53 PDT 2021","1","BatchId:4425777;OriginalHitTemplateId:920937340;","3600","259200","Thu May 06 13:09:53 PDT 2021","","","3TDXMTX3CCRC28JTDPYT92YAKD66IM","A2KWEVSI7P1RGQ","Approved","Thu Apr 29 21:06:02 PDT 2021","Thu Apr 29 21:06:29 PDT 2021","Sun May 02 21:06:29 PDT 2021","Sun May 02 21:06:33 PDT 2021","","","27","100% (11/11)","100% (11/11)","100% (11/11)","#GEICO500","#GEICO500"
"3OB6JN3A9QMPXQ9A0QUHN7109ZMMRC","35RL0GHNS8PJM3H2X9H3WABC1CMGE8","Why are hashtags trending?","Write a short summary about why a specific hashtag is trending, given tweets selected from that hashtag.","survey, demographics, twitter, hashtags, trending, popular","$0.03","Thu Apr 29 13:09:55 PDT 2021","1","BatchId:4425777;OriginalHitTemplateId:920937340;","3600","259200","Thu May 06 13:09:55 PDT 2021","","","3A0EX8ZRN9L4YKFTDY1466EQOXABYD","AMKCBNKZOLM9X","Approved","Thu Apr 29 19:42:21 PDT 2021","Thu Apr 29 19:43:56 PDT 2021","Sun May 02 19:43:56 PDT 2021","Sun May 02 19:44:31 PDT 2021","","","95","100% (11/11)","100% (11/11)","100% (11/11)","#supermoon","The full pink moon is appearing and its causing it to become a super moon and people are talking about it and showing pictures of the moon."
"3OB6JN3A9QMPXQ9A0QUHN7109ZMRMH","35RL0GHNS8PJM3H2X9H3WABC1CMGE8","Why are hashtags trending?","Write a short summary about why a specific hashtag is trending, given tweets selected from that hashtag.","survey, demographics, twitter, hashtags, trending, popular","$0.03","Thu Apr 29 13:09:53 PDT 2021","1","BatchId:4425777;OriginalHitTemplateId:920937340;","3600","259200","Thu May 06 13:09:53 PDT 2021","","","3OXV7EAXLFNXC51ASMR65WWL1VQ633","A1OB8EYDHOYEKL","Approved","Thu Apr 29 16:23:24 PDT 2021","Thu Apr 29 16:25:17 PDT 2021","Sun May 02 16:25:17 PDT 2021","Sun May 02 16:25:26 PDT 2021","","","113","100% (4/4)","100% (4/4)","100% (4/4)","#GEICO500","This is a Nascar event. It is happening at Talledega. It is a super speedway."
"3OJX0UFJ0Z426YIXFBLHNWI0GZJ9U4","35RL0GHNS8PJM3H2X9H3WABC1CMGE8","Why are hashtags trending?","Write a short summary about why a specific hashtag is trending, given tweets selected from that hashtag.","survey, demographics, twitter, hashtags, trending, popular","$0.03","Thu Apr 29 13:09:54 PDT 2021","1","BatchId:4425777;OriginalHitTemplateId:920937340;","3600","259200","Thu May 06 13:09:54 PDT 2021","","","3ON104KXQLTGOGZKJI9TDVN43XBW4B","A1VTLBEXCBPOOF","Approved","Thu Apr 29 15:45:33 PDT 2021","Thu Apr 29 15:45:47 PDT 2021","Sun May 02 15:45:47 PDT 2021","Sun May 02 15:46:25 PDT 2021","","","14","100% (4/4)","100% (4/4)","100% (4/4)","#europeansuperleague","A group of 12 clubs from across Europe's biggest leagues announced plans to form a new competition called the Super League."
"3OZ4VAIBEXCRPPK66DMZ8CYMQB4JVY","35RL0GHNS8PJM3H2X9H3WABC1CMGE8","Why are hashtags trending?","Write a short summary about why a specific hashtag is trending, given tweets selected from that hashtag.","survey, demographics, twitter, hashtags, trending, popular","$0.03","Thu Apr 29 13:09:55 PDT 2021","1","BatchId:4425777;OriginalHitTemplateId:920937340;","3600","259200","Thu May 06 13:09:55 PDT 2021","","","3XC1O3LBOTJKU72BU53ZCSIGLPBLTQ","A2KWEVSI7P1RGQ","Approved","Thu Apr 29 21:11:20 PDT 2021","Thu Apr 29 21:11:56 PDT 2021","Sun May 02 21:11:56 PDT 2021","Sun May 02 21:12:33 PDT 2021","","","36","100% (11/11)","100% (11/11)","100% (11/11)","#europeansuperleague","#europeansuperleague"
"3PA41K45VN1L0AM8JSO3ZU4VDS3P7C","35RL0GHNS8PJM3H2X9H3WABC1CMGE8","Why are hashtags trending?","Write a short summary about why a specific hashtag is trending, given tweets selected from that hashtag.","survey, demographics, twitter, hashtags, trending, popular","$0.03","Thu Apr 29 13:09:53 PDT 2021","1","BatchId:4425777;OriginalHitTemplateId:920937340;","3600","259200","Thu May 06 13:09:53 PDT 2021","","","3LO69W1SU4AGP2G5A54SD93RVV7LGL","A3SLDUZC4F3JM4","Approved","Thu Apr 29 14:33:10 PDT 2021","Thu Apr 29 14:33:39 PDT 2021","Sun May 02 14:33:39 PDT 2021","Sun May 02 14:34:23 PDT 2021","","","29","100% (2/2)","100% (2/2)","100% (2/2)","#DaunteWright","Daunte Wright hes been killed by Police in Minneapolis"
"3PEG1BH7AEO7RVSIJHVB8F4S28OBKJ","35RL0GHNS8PJM3H2X9H3WABC1CMGE8","Why are hashtags trending?","Write a short summary about why a specific hashtag is trending, given tweets selected from that hashtag.","survey, demographics, twitter, hashtags, trending, popular","$0.03","Thu Apr 29 13:09:52 PDT 2021","1","BatchId:4425777;OriginalHitTemplateId:920937340;","3600","259200","Thu May 06 13:09:52 PDT 2021","","","3FTF2T8WLSFHLM5W0D5KU3YKPP3W9L","A2RV6QX6SN4YIC","Approved","Thu Apr 29 18:48:19 PDT 2021","Thu Apr 29 18:48:57 PDT 2021","Sun May 02 18:48:57 PDT 2021","Sun May 02 18:49:31 PDT 2021","","","38","100% (6/6)","100% (1/1)","100% (1/1)","#BETRemembersDMX","#Resign Modi"
"3PR3LXCWSFWUN2CSKGW473H4AH09XW","35RL0GHNS8PJM3H2X9H3WABC1CMGE8","Why are hashtags trending?","Write a short summary about why a specific hashtag is trending, given tweets selected from that hashtag.","survey, demographics, twitter, hashtags, trending, popular","$0.03","Thu Apr 29 13:09:55 PDT 2021","1","BatchId:4425777;OriginalHitTemplateId:920937340;","3600","259200","Thu May 06 13:09:55 PDT 2021","","","3N1FSUEFL6XHFAZT2N43L7YJWH3D4H","A37AUHEQU4W9FI","Approved","Thu Apr 29 15:19:00 PDT 2021","Thu Apr 29 15:19:15 PDT 2021","Sun May 02 15:19:15 PDT 2021","Sun May 02 15:19:23 PDT 2021","","","15","100% (11/11)","100% (11/11)","100% (11/11)","#myanmar","ds we ewwewwqf a esds  wewe w wew   wewewew a awwe  wewe"
"3QGHA0EA0JXYMVMZ8VEEWQYNPFXBWF","35RL0GHNS8PJM3H2X9H3WABC1CMGE8","Why are hashtags trending?","Write a short summary about why a specific hashtag is trending, given tweets selected from that hashtag.","survey, demographics, twitter, hashtags, trending, popular","$0.03","Thu Apr 29 13:09:56 PDT 2021","1","BatchId:4425777;OriginalHitTemplateId:920937340;","3600","259200","Thu May 06 13:09:56 PDT 2021","","","3F6KKYWMNCY31I9ZKSJZKG4JNXJND5","A1X2JFPIVX3KN0","Approved","Thu Apr 29 13:49:49 PDT 2021","Thu Apr 29 13:50:41 PDT 2021","Sun May 02 13:50:41 PDT 2021","Sun May 02 13:51:23 PDT 2021","","","52","100% (2/2)","100% (2/2)","100% (2/2)","#supermoon","Unique moon sighting on May 26, 2021"
"3QO7EE372OKT2YQDWMF841G11EGBQB","35RL0GHNS8PJM3H2X9H3WABC1CMGE8","Why are hashtags trending?","Write a short summary about why a specific hashtag is trending, given tweets selected from that hashtag.","survey, demographics, twitter, hashtags, trending, popular","$0.03","Thu Apr 29 13:09:54 PDT 2021","1","BatchId:4425777;OriginalHitTemplateId:920937340;","3600","259200","Thu May 06 13:09:54 PDT 2021","","","3ZAK8W07I5BMXOSE5H7QJ4CU15OU0Y","A3RBC5DVESRSEB","Approved","Thu Apr 29 16:39:15 PDT 2021","Thu Apr 29 16:39:38 PDT 2021","Sun May 02 16:39:38 PDT 2021","Sun May 02 16:40:26 PDT 2021","","","23","100% (4/4)","100% (4/4)","100% (4/4)","#dogecoin","Elon Musk talked about dogecoin"
"3RIHDBQ1NEVC8WV74LIN93ZUMQOMHF","35RL0GHNS8PJM3H2X9H3WABC1CMGE8","Why are hashtags trending?","Write a short summary about why a specific hashtag is trending, given tweets selected from that hashtag.","survey, demographics, twitter, hashtags, trending, popular","$0.03","Thu Apr 29 13:09:51 PDT 2021","1","BatchId:4425777;OriginalHitTemplateId:920937340;","3600","259200","Thu May 06 13:09:51 PDT 2021","","","3VD82FOHKRLBEB3XLBO1FZM6S8EOCP","A3NPYXTMU38YBL","Approved","Thu Apr 29 20:32:57 PDT 2021","Thu Apr 29 20:34:48 PDT 2021","Sun May 02 20:34:48 PDT 2021","Sun May 02 20:35:33 PDT 2021","","","111","100% (1/1)","100% (1/1)","100% (1/1)","#BETRemembersDMX","#BETRemembersDMX"
"3RWB1RTQDJKP0ORRTXG9DU0QOC9P8Z","35RL0GHNS8PJM3H2X9H3WABC1CMGE8","Why are hashtags trending?","Write a short summary about why a specific hashtag is trending, given tweets selected from that hashtag.","survey, demographics, twitter, hashtags, trending, popular","$0.03","Thu Apr 29 13:09:54 PDT 2021","1","BatchId:4425777;OriginalHitTemplateId:920937340;","3600","259200","Thu May 06 13:09:54 PDT 2021","","","3R5F3LQFV3HOM4E7DP89QXNR1Q5OZT","A3VYZ6NM4A0B93","Approved","Thu Apr 29 14:30:32 PDT 2021","Thu Apr 29 14:31:06 PDT 2021","Sun May 02 14:31:06 PDT 2021","Sun May 02 14:31:23 PDT 2021","","","34","100% (3/3)","100% (3/3)","100% (3/3)","#dogecoin","It is a meme cryptocurrency that people are buying and hoping to make unrealistic amounts of money"
"3S4TINXCC0KQHMDXH9N4FWL1MDYBO3","35RL0GHNS8PJM3H2X9H3WABC1CMGE8","Why are hashtags trending?","Write a short summary about why a specific hashtag is trending, given tweets selected from that hashtag.","survey, demographics, twitter, hashtags, trending, popular","$0.03","Thu Apr 29 13:09:54 PDT 2021","1","BatchId:4425777;OriginalHitTemplateId:920937340;","3600","259200","Thu May 06 13:09:54 PDT 2021","","","3QBD8R3Z22G8J7QISWIJW1AI0VNO42","A2T2HUD63D3O0O","Approved","Thu Apr 29 18:03:58 PDT 2021","Thu Apr 29 18:06:12 PDT 2021","Sun May 02 18:06:12 PDT 2021","Sun May 02 18:06:31 PDT 2021","","","134","100% (5/5)","100% (5/5)","100% (5/5)","#dogecoin","Dogecoin, a meme cryptocurrency, recently saw a skyrocket in value after Elon Musk dubbed himself the ""Dogefather"" and promoted the currency. Although it started out as a joke, it is now a true competitor to Bitcoin."
"3T8DUCXY0N3N6L38F6V7I0WYXLC9TD","35RL0GHNS8PJM3H2X9H3WABC1CMGE8","Why are hashtags trending?","Write a short summary about why a specific hashtag is trending, given tweets selected from that hashtag.","survey, demographics, twitter, hashtags, trending, popular","$0.03","Thu Apr 29 13:09:54 PDT 2021","1","BatchId:4425777;OriginalHitTemplateId:920937340;","3600","259200","Thu May 06 13:09:54 PDT 2021","","","3KIBXJ1WD6RTX9FLDO5Z3IZEXH8OKN","A5QYOSMX6XDHP","Approved","Thu Apr 29 17:09:39 PDT 2021","Thu Apr 29 17:16:40 PDT 2021","Sun May 02 17:16:40 PDT 2021","Sun May 02 17:17:28 PDT 2021","","","421","100% (3/3)","100% (3/3)","100% (3/3)","#dogecoin","Dogecoin has become a more used open source peer-to-peer cryptocurrency option. Billionaire Elon Musk thinks dugecoing is pretty cool and his company and dogecoin have been talkng. Millions of coins have been transacted in dogecing in an hour in the last 24 hours"
"3TTPFEFXCTHAJTAFH5B6K728WQ9H60","35RL0GHNS8PJM3H2X9H3WABC1CMGE8","Why are hashtags trending?","Write a short summary about why a specific hashtag is trending, given tweets selected from that hashtag.","survey, demographics, twitter, hashtags, trending, popular","$0.03","Thu Apr 29 13:09:53 PDT 2021","1","BatchId:4425777;OriginalHitTemplateId:920937340;","3600","259200","Thu May 06 13:09:53 PDT 2021","","","3BDCF01OGYRGBT154BQYK9AV0RIYLH","A2FMSGRVFC2OL7","Approved","Thu Apr 29 18:19:03 PDT 2021","Thu Apr 29 18:19:42 PDT 2021","Sun May 02 18:19:42 PDT 2021","Sun May 02 18:20:31 PDT 2021","","","39","100% (1/1)","100% (1/1)","100% (1/1)","#GEICO500","Because it gives more attention"
"3UXQ63NLAAJIB1A04H7CNFH7R8TBLM","35RL0GHNS8PJM3H2X9H3WABC1CMGE8","Why are hashtags trending?","Write a short summary about why a specific hashtag is trending, given tweets selected from that hashtag.","survey, demographics, twitter, hashtags, trending, popular","$0.03","Thu Apr 29 13:09:53 PDT 2021","1","BatchId:4425777;OriginalHitTemplateId:920937340;","3600","259200","Thu May 06 13:09:53 PDT 2021","","","3UOUJI6MTEBUUEYP8TWXSIZ5BBPUX7","A1X793EPL2IYGE","Approved","Thu Apr 29 13:57:19 PDT 2021","Thu Apr 29 13:58:52 PDT 2021","Sun May 02 13:58:52 PDT 2021","Sun May 02 13:59:23 PDT 2021","","","93","100% (14/14)","100% (14/14)","100% (14/14)","#DaunteWright","A police officer shot and killed Daunte Wright in Brooklyn Center, Minn"
"3V8JSVE8YYN0I3TJXNYSIVPO3KAEYH","35RL0GHNS8PJM3H2X9H3WABC1CMGE8","Why are hashtags trending?","Write a short summary about why a specific hashtag is trending, given tweets selected from that hashtag.","survey, demographics, twitter, hashtags, trending, popular","$0.03","Thu Apr 29 13:09:54 PDT 2021","1","BatchId:4425777;OriginalHitTemplateId:920937340;","3600","259200","Thu May 06 13:09:54 PDT 2021","","","30BUDKLTXES43ZHTCNYXWHMIWPOE55","A2KWEVSI7P1RGQ","Approved","Thu Apr 29 21:08:54 PDT 2021","Thu Apr 29 21:09:38 PDT 2021","Sun May 02 21:09:38 PDT 2021","Sun May 02 21:10:33 PDT 2021","","","44","100% (11/11)","100% (11/11)","100% (11/11)","#europeansuperleague","#europeansuperleague"
"3VEI3XUCZRUVIT6NS6M94BVVE4XRPD","35RL0GHNS8PJM3H2X9H3WABC1CMGE8","Why are hashtags trending?","Write a short summary about why a specific hashtag is trending, given tweets selected from that hashtag.","survey, demographics, twitter, hashtags, trending, popular","$0.03","Thu Apr 29 13:09:54 PDT 2021","1","BatchId:4425777;OriginalHitTemplateId:920937340;","3600","259200","Thu May 06 13:09:54 PDT 2021","","","3XXU1SWE8NS2IFEGZCQZJ300U2B0A7","AMKCBNKZOLM9X","Approved","Thu Apr 29 19:50:43 PDT 2021","Thu Apr 29 19:51:29 PDT 2021","Sun May 02 19:51:29 PDT 2021","Sun May 02 19:51:31 PDT 2021","","","46","100% (11/11)","100% (11/11)","100% (11/11)","#europeansuperleague","European super league is in regards to the Football games that are held around this time every year."
"3VGET1QSZ0WBKJJ9VE2YROCR6P67WP","35RL0GHNS8PJM3H2X9H3WABC1CMGE8","Why are hashtags trending?","Write a short summary about why a specific hashtag is trending, given tweets selected from that hashtag.","survey, demographics, twitter, hashtags, trending, popular","$0.03","Thu Apr 29 13:09:54 PDT 2021","1","BatchId:4425777;OriginalHitTemplateId:920937340;","3600","259200","Thu May 06 13:09:54 PDT 2021","","","3TR2532VIQR8XJ3ZV7JTL3DAXSBJ6R","A3DK04WHK8FSR5","Approved","Thu Apr 29 16:10:41 PDT 2021","Thu Apr 29 16:12:07 PDT 2021","Sun May 02 16:12:07 PDT 2021","Sun May 02 16:12:26 PDT 2021","","","86","100% (3/3)","100% (3/3)","100% (3/3)","#europeansuperleague","This hashtag is trending because a number of European soccer teams announced a plan to form their own soccer league."
"3VIVIU06FK9C4R6RA3089F09M33MI8","35RL0GHNS8PJM3H2X9H3WABC1CMGE8","Why are hashtags trending?","Write a short summary about why a specific hashtag is trending, given tweets selected from that hashtag.","survey, demographics, twitter, hashtags, trending, popular","$0.03","Thu Apr 29 13:09:52 PDT 2021","1","BatchId:4425777;OriginalHitTemplateId:920937340;","3600","259200","Thu May 06 13:09:52 PDT 2021","","","3AZHRG4CU5H2YUFVQXBPWVMUOSB306","A2T2HUD63D3O0O","Approved","Thu Apr 29 17:56:34 PDT 2021","Thu Apr 29 17:57:47 PDT 2021","Sun May 02 17:57:47 PDT 2021","Sun May 02 17:58:28 PDT 2021","","","73","100% (5/5)","100% (5/5)","100% (5/5)","#DOYOUNG","Korean boy group singer Doyoung made his acting debut in the Korean drama ""Cafe Midnight"" in February of 2021."
"3VO4XFFP15J60MNNJ53SZZU5IOP7QL","35RL0GHNS8PJM3H2X9H3WABC1CMGE8","Why are hashtags trending?","Write a short summary about why a specific hashtag is trending, given tweets selected from that hashtag.","survey, demographics, twitter, hashtags, trending, popular","$0.03","Thu Apr 29 13:09:51 PDT 2021","1","BatchId:4425777;OriginalHitTemplateId:920937340;","3600","259200","Thu May 06 13:09:51 PDT 2021","","","3DR23U6WE6B6O1SJDJGVZXSWCSETEF","A3SLDUZC4F3JM4","Approved","Thu Apr 29 14:33:53 PDT 2021","Thu Apr 29 14:34:25 PDT 2021","Sun May 02 14:34:25 PDT 2021","Sun May 02 14:35:23 PDT 2021","","","32","100% (2/2)","100% (2/2)","100% (2/2)","#ArmenianGenocide","It has been mentioned recently by President Joe Biden"
"3VQTAXTYN3ILURXUDVZDE2DQ4ZMBUG","35RL0GHNS8PJM3H2X9H3WABC1CMGE8","Why are hashtags trending?","Write a short summary about why a specific hashtag is trending, given tweets selected from that hashtag.","survey, demographics, twitter, hashtags, trending, popular","$0.03","Thu Apr 29 13:09:55 PDT 2021","1","BatchId:4425777;OriginalHitTemplateId:920937340;","3600","259200","Thu May 06 13:09:55 PDT 2021","","","35GMH2SV3FEQB9NBH2UW5NM9DK4EOL","A37AUHEQU4W9FI","Approved","Thu Apr 29 15:21:17 PDT 2021","Thu Apr 29 15:25:14 PDT 2021","Sun May 02 15:25:14 PDT 2021","Sun May 02 15:25:23 PDT 2021","","","237","100% (11/11)","100% (11/11)","100% (11/11)","#marshelicopter","sesds sdsdds ds sdsds"
"3VW0145YLY98Z2QXSLL8LGF9ZISMJK","35RL0GHNS8PJM3H2X9H3WABC1CMGE8","Why are hashtags trending?","Write a short summary about why a specific hashtag is trending, given tweets selected from that hashtag.","survey, demographics, twitter, hashtags, trending, popular","$0.03","Thu Apr 29 13:09:52 PDT 2021","1","BatchId:4425777;OriginalHitTemplateId:920937340;","3600","259200","Thu May 06 13:09:52 PDT 2021","","","33L7PJKHCHVPF0IS0GUV7NWA1OA8TN","A1X793EPL2IYGE","Approved","Thu Apr 29 13:58:59 PDT 2021","Thu Apr 29 13:59:17 PDT 2021","Sun May 02 13:59:17 PDT 2021","Sun May 02 13:59:24 PDT 2021","","","18","100% (14/14)","100% (14/14)","100% (14/14)","#DaunteWright","A police officer shot and killed Mr. Wright in Brooklyn Center, Minn"
"3X55NP42EOD3ZRLLHGLDMDSF8QHP37","35RL0GHNS8PJM3H2X9H3WABC1CMGE8","Why are hashtags trending?","Write a short summary about why a specific hashtag is trending, given tweets selected from that hashtag.","survey, demographics, twitter, hashtags, trending, popular","$0.03","Thu Apr 29 13:09:51 PDT 2021","1","BatchId:4425777;OriginalHitTemplateId:920937340;","3600","259200","Thu May 06 13:09:51 PDT 2021","","","3R0T90IZ1T9NMYMZXSBTAQD41MPCGS","A2KWEVSI7P1RGQ","Approved","Thu Apr 29 21:10:48 PDT 2021","Thu Apr 29 21:11:17 PDT 2021","Sun May 02 21:11:17 PDT 2021","Sun May 02 21:11:33 PDT 2021","","","29","100% (11/11)","100% (11/11)","100% (11/11)","#ArmenianGenocide","#Armeniangenocide"
"3XD2A6FGFNRMRLQTQ6QH8V0CV2Y9SO","35RL0GHNS8PJM3H2X9H3WABC1CMGE8","Why are hashtags trending?","Write a short summary about why a specific hashtag is trending, given tweets selected from that hashtag.","survey, demographics, twitter, hashtags, trending, popular","$0.03","Thu Apr 29 13:09:54 PDT 2021","1","BatchId:4425777;OriginalHitTemplateId:920937340;","3600","259200","Thu May 06 13:09:54 PDT 2021","","","32KTQ2V7RECLGABIWBZXL5WTRMRM9K","A1K1KBXORH09MF","Approved","Thu Apr 29 13:11:05 PDT 2021","Thu Apr 29 13:14:11 PDT 2021","Sun May 02 13:14:11 PDT 2021","Sun May 02 13:14:21 PDT 2021","","","186","100% (1/1)","100% (1/1)","100% (1/1)","#GEICO500","Geico is the sponsor of NASCAR Talladega speedway"
"3XH7ZM9YX2RAQ6QGBHQCILVG90F9R0","35RL0GHNS8PJM3H2X9H3WABC1CMGE8","Why are hashtags trending?","Write a short summary about why a specific hashtag is trending, given tweets selected from that hashtag.","survey, demographics, twitter, hashtags, trending, popular","$0.03","Thu Apr 29 13:09:53 PDT 2021","1","BatchId:4425777;OriginalHitTemplateId:920937340;","3600","259200","Thu May 06 13:09:53 PDT 2021","","","3AUQQEL7U6QMA3HEA7HVFQEDFBGV05","A3VYZ6NM4A0B93","Approved","Thu Apr 29 14:19:25 PDT 2021","Thu Apr 29 14:19:38 PDT 2021","Sun May 02 14:19:38 PDT 2021","Sun May 02 14:20:23 PDT 2021","","","13","100% (3/3)","100% (3/3)","100% (3/3)","#DaunteWright","Black man victim of police shooting"
"3XUY87HIVPBY0AWIVIY0187Q3CNMMO","35RL0GHNS8PJM3H2X9H3WABC1CMGE8","Why are hashtags trending?","Write a short summary about why a specific hashtag is trending, given tweets selected from that hashtag.","survey, demographics, twitter, hashtags, trending, popular","$0.03","Thu Apr 29 13:09:54 PDT 2021","1","BatchId:4425777;OriginalHitTemplateId:920937340;","3600","259200","Thu May 06 13:09:54 PDT 2021","","","3R08VXYT7DSD73H3LG70G77EUZ07W5","A37AUHEQU4W9FI","Approved","Thu Apr 29 15:25:14 PDT 2021","Thu Apr 29 15:25:57 PDT 2021","Sun May 02 15:25:57 PDT 2021","Sun May 02 15:26:23 PDT 2021","","","43","100% (11/11)","100% (11/11)","100% (11/11)","#dogecoin","ssasd"
"3YGYP136416VF8UACR9H0MQ0EPWRNH","35RL0GHNS8PJM3H2X9H3WABC1CMGE8","Why are hashtags trending?","Write a short summary about why a specific hashtag is trending, given tweets selected from that hashtag.","survey, demographics, twitter, hashtags, trending, popular","$0.03","Thu Apr 29 13:09:54 PDT 2021","1","BatchId:4425777;OriginalHitTemplateId:920937340;","3600","259200","Thu May 06 13:09:54 PDT 2021","","","34Z02EIMITA7XBDP5CHGE8QSIRVT0K","AMKCBNKZOLM9X","Approved","Thu Apr 29 19:48:49 PDT 2021","Thu Apr 29 19:49:40 PDT 2021","Sun May 02 19:49:40 PDT 2021","Sun May 02 19:50:31 PDT 2021","","","51","100% (11/11)","100% (11/11)","100% (11/11)","#GEICO500","Geico 500 appears to be a NASCAR Race Cup series thats usually held in April or May every year."
"3Z33IC0JC0J2JD7XK1VMJIKJU6S9VT","35RL0GHNS8PJM3H2X9H3WABC1CMGE8","Why are hashtags trending?","Write a short summary about why a specific hashtag is trending, given tweets selected from that hashtag.","survey, demographics, twitter, hashtags, trending, popular","$0.03","Thu Apr 29 13:09:55 PDT 2021","1","BatchId:4425777;OriginalHitTemplateId:920937340;","3600","259200","Thu May 06 13:09:55 PDT 2021","","","3DL65MZB8ECP2KQ8RXL5ANSSO6RECU","A3RDQYDQMGZ6WW","Approved","Thu Apr 29 16:27:04 PDT 2021","Thu Apr 29 16:29:19 PDT 2021","Sun May 02 16:29:19 PDT 2021","Sun May 02 16:29:26 PDT 2021","","","135","100% (4/4)","100% (4/4)","100% (4/4)","#marshelicopter","marshelicopter is on trend because it is the first drone to fly to mars. It is incredible that we have managed to fly a drone miles away from the earth"
"3ZURAPD288KVYBICG9BPMQZE80GF12","35RL0GHNS8PJM3H2X9H3WABC1CMGE8","Why are hashtags trending?","Write a short summary about why a specific hashtag is trending, given tweets selected from that hashtag.","survey, demographics, twitter, hashtags, trending, popular","$0.03","Thu Apr 29 13:09:55 PDT 2021","1","BatchId:4425777;OriginalHitTemplateId:920937340;","3600","259200","Thu May 06 13:09:55 PDT 2021","","","3TE3O8573151D63BGAGZXHIPR3LR2Q","A1X793EPL2IYGE","Approved","Thu Apr 29 14:05:23 PDT 2021","Thu Apr 29 14:06:14 PDT 2021","Sun May 02 14:06:14 PDT 2021","Sun May 02 14:06:23 PDT 2021","","","51","100% (14/14)","100% (14/14)","100% (14/14)","#marshelicopter","In March helicopter was launched to mars, and successfully completed its missions"