Hashtag,Username,User handle,Date of posting,Text,Retweet count,Like count
#DOYOUNG,SM_NCT,@SM_NCT_BACKUP,Mon Apr 19 02:26:34 +0000 2021,"[INFO] 210419 #DOYOUNG will make his musical debut in â€œMarie Antoinetteâ€, scheduled to open in July 

#NCT #NCT127
Translated by @lumarkbot - SM_NCT
https://t.co/SbAqSyrZxk https://t.co/RFdbsj3PCL",538,1315
#DOYOUNG,âšœï¸,@kdyactor,Mon Apr 19 02:22:44 +0000 2021,"Marie Antoinette is scheduled to be performed from July to October of this year at the Charlotte Theater.

Doyoung will not perform every show, most likely it will be on a rotational basis with 1-2 other actors who will also play the same role. 

 #ë§ˆë¦¬ì•™íˆ¬ì•„ë„¤íŠ¸ #DOYOUNG #ë„ì˜ https://t.co/g2gHpI6LlI",113,212
#DOYOUNG,Doyoung Project Indonesia,@DoyoungProject,Mon Apr 19 02:17:02 +0000 2021,"So happy for Musical Actor Doyoung debut soon ğŸ’šğŸ’™ğŸ¥º

Doyoung fighting! Dozennie letâ€™s continue to support him in every step heâ€™ll take âœ¨
#NCTë„ì˜ #ë„ì˜ #DOYOUNG
@NCTsmtown_127 https://t.co/D8YkKDEBJH",67,188
#DOYOUNG,hourly doyoung,@HourlyDoyoung,Mon Apr 19 02:00:00 +0000 2021,"DOYOUNG MUSICAL ACTOR 

#NCTë„ì˜ #ë„ì˜ #DOYOUNG
@NCTsmtown_127 
https://t.co/h5e2YlIZTc",294,493
#DOYOUNG,DOYOUNG RECORD,@doyoungrecord,Mon Apr 19 01:45:51 +0000 2021,"Doyoung is now trending on 9 locations:

#1 Indonesia (DOYOUNG MUSICAL ACTOR)
#6 Singapore
#7 Malaysia
#8 United States
#8 Philippines (DOYOUNG MUSICAL ACTOR)
#16 Peru
#17 UAE
#24 Worldwide (DOYOUNG MUSICAL ACTOR)
#26 Argentina (DOYOUNG MUSICAL ACTOR)

#DOYOUNG #ë„ì˜ https://t.co/gXsrvrKhen",85,178
#DOYOUNG,`sof,@DOIEWOODZ_,Mon Apr 19 01:42:14 +0000 2021,"look at him being so happy about the news and being excited in trying something new. he'll be practicing hard and he knows that fans have faith in him. i know you can do it doyoung-ah~ im  proud of you already ğŸ¥º

DOYOUNG MUSICAL ACTOR 
#NCTë„ì˜ #ë„ì˜ #DOYOUNG
@NCTsmtown_127 https://t.co/Z3alI4tdNr",118,308
#DOYOUNG,doyoung musical actorÂ²â¶,@xoxoxodoie,Mon Apr 19 01:34:31 +0000 2021,"https://t.co/MD2WpOnrZN

People saw this and was waiting for him to act and then he debuted as an actor and now he is a lead actor for a musical ğŸ˜‰ 

DOYOUNG MUSICAL ACTOR 
#NCTë„ì˜ #ë„ì˜ #DOYOUNG
@NCTsmtown_127",131,340
#DOYOUNG,ğ¤ğğ².,@doyounglobal,Mon Apr 19 01:23:43 +0000 2021,"NCT #DOYOUNG debuts musical with 'Marie Antoinette'

This is the first meaningful musical challenge. As a result of news culture coverage, DY has been cast as Axel von Fergen in the musical scheduled to open in July.

ğŸ”—https://t.co/ToENfaEZKN

#NCTë„ì˜ #ë„ì˜ https://t.co/Gcl1l67fVD",895,1859
#DOYOUNG,nelleâ™¡,@doiesense,Mon Apr 19 01:20:55 +0000 2021,"NOW IF DOYOUNG WEAR THIS?!?!? IM GONNA DWORD

DOYOUNG MUSICAL ACTOR 
#NCTë„ì˜ #ë„ì˜ #DOYOUNG
@NCTsmtown_127 https://t.co/DF67J3COFi",122,402
#DOYOUNG,hourly doyoung,@HourlyDoyoung,Mon Apr 19 01:14:05 +0000 2021,"Retweet and Reply 

DOYOUNG MUSICAL ACTOR 

#NCTë„ì˜ #ë„ì˜ #DOYOUNG
@NCTsmtown_127",261,191
#DOYOUNG,â€Ù‹,@kdyfiles,Mon Apr 19 01:10:44 +0000 2021,"RETWEET and REPLY multiple times!

DOYOUNG MUSICAL ACTOR
#DOYOUNG #ë„ì˜",475,348
#DOYOUNG,Doyoung Singing,@doievocals,Mon Apr 19 01:09:38 +0000 2021,"Doyoung musical debut, we all knew it was coming. Doyoung musical actor, so proud of youğŸ’™

#NCTë„ì˜ #ë„ì˜ #DOYOUNG
https://t.co/9kQW5YTSm5",319,640
#DOYOUNG,âšœï¸,@kdyactor,Mon Apr 19 01:08:38 +0000 2021,"The lead role of Axel von Fersen has been previously played by NUâ€™ESTâ€™s Hwang Minhyun, VIXXâ€™s Leo, and Park Kyung-han in 2019.

 #ë§ˆë¦¬ì•™íˆ¬ì•„ë„¤íŠ¸ #DOYOUNG #ë„ì˜ https://t.co/IqTMOjblvU",119,343
#DOYOUNG,ç«œryu,@nct_127,Mon Apr 19 00:57:40 +0000 2021,"DOYOUNG MUSICAL ACTOR 
#NCTë„ì˜ #ë„ì˜ #DOYOUNG
@NCTsmtown_127",153,254
#DOYOUNG,âšœï¸,@kdyactor,Mon Apr 19 00:22:14 +0000 2021,"Doyoungâ€™s next acting challenge; heâ€™ll be in the musical Marie Antoinette playing Axel von Fersen who is suffering from a tragic fate and falls in love with Marie Antoinette.

Heâ€™ll assume the role in July.

#DOYOUNG #ë„ì˜ https://t.co/CRYKUP0olo",218,396
#DOYOUNG,NCT Global Streaming Team,@NctGlobalStream,Mon Apr 19 00:20:37 +0000 2021,"#DOYOUNG Will start his Debut as an musical actor with Drama Musical â€œMarie Antoinetteâ€. This drama musical will start in the july. He will have a role as axel von fersen

Actor doyoung comeback faster than we think ğŸ˜ #NCT https://t.co/n7nhjzEc31",219,401
#DOYOUNG,ëª¨ì¹˜ë„ë¹„â™¡,@mochidobby,Sun Apr 18 14:44:22 +0000 2021,"his dance moves are so smooth and full of emotions yet very precise that gives a whole new level of impact doyoung is indeed a dance prodigy 

#íŠ¸ë ˆì €ë„ì˜ #DOYOUNG @treasuremembers https://t.co/JIrZ00IrX5",99,226
#DOYOUNG,ã…ã…‡ â€,@haemjjitokki,Sun Apr 18 14:32:55 +0000 2021,"precious man with a precious smile 

#ë„ì˜ #DOYOUNG #NCT_DOYOUNG https://t.co/hlUqD2B38B",83,173
#DOYOUNG,ghinghiná°İŠà»‹á³ doy editğŸ“Œ,@adorabledoyy,Sun Apr 18 13:21:24 +0000 2021,#DOYOUNG American boy à¿‚ à»‹á³Ö˜Â·â‹†Ëšã€‹ https://t.co/8IHHXTUGP9,212,593
#DOYOUNG,SM_NCT,@SM_NCT_BACKUP,Sun Apr 18 03:59:39 +0000 2021,"[OFFICIAL/TRANS] 210418 #DOYOUNGâ€™s Instagram story update

- â€œHopâ€
- â€œHopâ€

(T/N: â€˜í´ì§í´ì§â€™ is like a mimetic word for â€˜hoppingâ€™.)

#NCT #NCT127
Translated by @wangmoriz - SM_NCT
https://t.co/C2dRY7WBQS https://t.co/QICntxcplx",359,1585
#DOYOUNG,ë§,@nctdaoying,Sun Apr 18 03:59:27 +0000 2021,"210418 Doyoungâ€™s Instagram Story

Jump
ing

#DOYOUNG #ë„ì˜ https://t.co/XK76YaDSQ1",430,1221
#DOYOUNG,SMTownEngSub,@SMTownEngSub,Sun Apr 18 01:10:00 +0000 2021,"Top 10 Most Followed SM Male Artists on Instagram (Apr.11-17)

#1 #Shotaro (+1M followers)
#2 #Taeyong
#3 #Mark
#4 #Doyoung
#5 #Minho
#6 #Jaemin
#7 #Ten
#8 #Lucas
#9 #Jaehyun
#10 #Kai https://t.co/LrlSIa2tVh",484,1536
#DOYOUNG,Doyoung Project Indonesia,@DoyoungProject,Sat Apr 17 16:10:14 +0000 2021,"âœ¨DOYOUNG 2nd SOLO ONLINE CONCERT: Your Heart My Heart 2.0

Thank u for all the love &amp; appreciation to Doyoung ğŸ¥°ğŸ°
âœ…Indonesia trends No.6 &amp; 7
âœ…Total listeners 64,406
âœ…Sold 13,717 tickets

Letâ€™s keep supporting Doyoung ğŸ’™ğŸ’š

#DOYOUNG 
#YourHeartMyHeart2 #DoyoungOnlineConcert https://t.co/sidHyntP3e",118,279
#DOYOUNG,Doyoung Project Indonesia,@DoyoungProject,Sat Apr 17 16:05:57 +0000 2021,"âœ¨ğ’Ÿğ‘œğ“ğ‘œğ“Šğ“ƒğ‘” ğŸ§ğ“‰ğ’½ ğ’Ÿğ‘’ğ’·ğ“Šğ“‰ ğ’œğ“ƒğ“ƒğ’¾ğ“‹ğ‘’ğ“‡ğ“ˆğ’¶ğ“‡ğ“âœ¨

DOYOUNG 2nd SOLO ONLINE CONCERT
""Your Heart My Heart 2.0""

THANK YOUğŸ’™
Walaupun masih banyak kekurangan, we hope everyone still enjoy it

See you next time âœ¨
#DOYOUNG 
#YourHeartMyHeart2 #DoyoungOnlineConcert https://t.co/6VqxFYHnmp",142,470
#DOYOUNG,DOYOUNG INDONESIA,@KDY_INA,Sat Apr 17 15:15:57 +0000 2021,"[!!!] DOYOUNG 2nd SOLO ONLINE CONCERT ""Your Heart My Heart 2.0""

LIVE NOW ON MIXL!
ğŸ”—https://t.co/QZwaawprcA

Drop HT kalau kalian ikutanğŸ’™
#YourHeartMyHeart2 #DoyoungOnlineConcert
#DOYOUNG #ë„ì˜ #NCTë„ì˜ https://t.co/psHNgvuq9S",45,159
#DOYOUNG,kitinğŸŒ ,@christinecnn,Sat Apr 17 14:21:40 +0000 2021,"Aight, I'm gonna try to make thread for the playlist

HARD FOR ME

#DOYOUNG #ë„ì˜ #NCTë„ì˜ #YourHeartMyHeart2 #DoyoungOnlineConcert",117,213
#DOYOUNG,ğŸ‡®ğŸ‡© NCT INDONESIA (Back-Up) ğŸ’šâœ¨,@NCT_INDONESIA62,Sat Apr 17 14:11:15 +0000 2021,"[OFFICIAL] 210417 #DOYOUNG (do0_nct) instagram update ğŸ°ğŸ’š

""&amp; malam ğŸŒ›""

ğŸ”—https://t.co/wBEqgDS4fT

ğŸŸ #NCT127 @NCTsmtown_127 https://t.co/tEDYGDl6Di",31,397
#DOYOUNG,nctybase,@nctyzenbase,Sat Apr 17 14:11:03 +0000 2021,"[OFFICIAL] 210417 #DOYOUNG Instagram Update ğŸ’šğŸ°

&amp; MalamğŸŒ›

ğŸ”—https://t.co/JoSBUEH3t8

#NCT #NCT127 
@nctyzenbase @nctyzenbase_ 
ğŸ¦ https://t.co/MJtNZEIK7V",28,262
#DOYOUNG,SM_NCT,@SM_NCT_BACKUP,Sat Apr 17 14:07:12 +0000 2021,"[OFFICIAL] 210417 #DOYOUNGâ€™s Instagram update

â€œ&amp; NightğŸŒ›â€

#NCT #NCT127
https://t.co/dvCoGBB5Js https://t.co/mAuGiZNdxa",1243,5420
#DOYOUNG,Doyoung Project Indonesia,@DoyoungProject,Sat Apr 17 13:58:00 +0000 2021,"âœ¨Itâ€™s Live now!

Donâ€™t forget use the hashtag when you hype the concert on twitter ğŸ°ğŸ˜†ğŸ’™ğŸ’š

#DOYOUNG 
#YourHeartMyHeart2 #DoyoungOnlineConcert https://t.co/yMh6XkIQxD",90,191
#DOYOUNG,Doyoung Project Indonesia,@DoyoungProject,Sat Apr 17 13:56:17 +0000 2021,"âœ¨ğ’Ÿğ‘œğ“ğ‘œğ“Šğ“ƒğ‘” ğŸ§ğ“‰ğ’½ ğ’Ÿğ‘’ğ’·ğ“Šğ“‰ ğ’œğ“ƒğ“ƒğ’¾ğ“‹ğ‘’ğ“‡ğ“ˆğ’¶ğ“‡ğ“âœ¨

DOYOUNG 2nd SOLO ONLINE CONCERT
""Your Heart My Heart 2.0""

LIVE NOW ON MIXL!
ğŸ”—Click here: https://t.co/vBSpdBYlOl

#DOYOUNG #ë„ì˜ #NCTë„ì˜ 
#YourHeartMyHeart2 #DoyoungOnlineConcert https://t.co/JFCVDDGhJf",225,489
#DOYOUNG,NCT 127 Fan Union,@NCT127Union,Sat Apr 17 13:34:33 +0000 2021,"210417 do0_nct Instagram Update 

â€œDay ğŸŒ¿â€

ğŸ”—https://t.co/idsYeh6DfU

#NCT127 #DOYOUNG @NCTsmtown_127 https://t.co/ZAIekduZA6",25,164
#DOYOUNG,ë¼ì„í•˜ë£¨ limeharu,@ncthall,Sat Apr 17 13:30:44 +0000 2021,"210417 do0_nct IG

Day ğŸŒ¿

https://t.co/zzusvTR4D3

#ë„ì˜ #DOYOUNG #NCT #NCT127 @NCTsmtown @NCTsmtown_127 https://t.co/JMBM2PfKsp",92,215
#DOYOUNG,NCT PLAYGROUND ğŸŒˆ,@NCT_PLAYGROUND,Sat Apr 17 13:29:04 +0000 2021,"[ğŸ“¸] 210417 do0_nct instagram update

â€œDayğŸŒ¿â€

ğŸ”—https://t.co/vaS3VaWYCt

#NCT #NCT127 #DOYOUNG #ë„ì˜ https://t.co/GIP1at3LsC",283,187
#DOYOUNG,ğŸ‡®ğŸ‡© NCT INDONESIA (Back-Up) ğŸ’šâœ¨,@NCT_INDONESIA62,Sat Apr 17 13:22:31 +0000 2021,"[OFFICIAL] 210417 #DOYOUNG (do0_nct) instagram update ğŸ°ğŸ’š

""Hari ğŸŒ¿""

ğŸ”—https://t.co/26B84dHujA

ğŸŸ #NCT127 @NCTsmtown_127 https://t.co/njpk3Bq9dB",43,517
#DOYOUNG,SM_NCT,@SM_NCT_BACKUP,Sat Apr 17 13:19:27 +0000 2021,"[OFFICIAL] 210417 #DOYOUNGâ€™s Instagram update 

""Day ğŸŒ¿"" 

#NCT #NCT127
https://t.co/nBAMfldSbP https://t.co/1MNa3BC5xT",1207,6016
#DOYOUNG,nctybase,@nctyzenbase,Sat Apr 17 13:14:31 +0000 2021,"[OFFICIAL] 210417 #DOYOUNG Instagram Update ğŸ’šğŸ°

Day ğŸŒ¿

ğŸ”—https://t.co/PKerpLCr5E

#NCT #NCT127 
@nctyzenbase @nctyzenbase_ 
ğŸ¨ https://t.co/51ROdzQ5wg",36,347
#DOYOUNG,Ù‹,@uridoie,Sat Apr 17 12:14:28 +0000 2021,introducing nct's #DOYOUNG https://t.co/EheH7UMAL7,122,222
#DOYOUNG,dila`,@harucoldw,Sat Apr 17 11:50:16 +0000 2021,"#DOYOUNG ğŸ° : HELP ME ï½¡â‹†ï½¡â‹†ï½¡â‹†
Ë—Ëâœ  ğ˜¬ğ˜ªğ˜® ğ˜¥ğ˜°ğ˜ºğ˜°ğ˜¶ğ˜¯ğ˜¨ ğ˜¢ğ˜´ ğ˜¶ğ˜³ ğ˜¥ğ˜¢ğ˜ªğ˜­ğ˜º ğ˜­ğ˜ªğ˜§ğ˜¦ â€”ğŸŒ¥ï¸ https://t.co/hHScV8OSIj",96,203
#DOYOUNG,eunnmi Â²Â³ | ë„ì˜ğŸ“Œ,@doeihyunfan,Sat Apr 17 10:53:01 +0000 2021,"#DOYOUNG
Look for the smile:

ğŸ™ğŸ™ğŸ™ğŸ™ğŸ™ğŸ™ğŸ™ğŸ™ğŸ™ğŸ™ğŸ™ğŸ™ğŸ™ğŸ™ğŸ™ğŸ™ğŸ™ğŸ™ğŸ™ğŸ™ğŸ™ğŸ™ğŸ™ğŸ™ğŸ™ğŸ™ğŸ™ğŸ™ğŸ™ğŸ™ğŸ™ğŸ™ğŸ™ğŸ™ğŸ™ğŸ™ğŸ™ğŸ™ğŸ™ğŸ™ğŸ™ğŸ™ğŸ™ğŸ™ğŸ™ğŸ™ğŸ™ğŸ™ğŸ™ğŸ™ğŸ™ğŸ™ğŸ™ğŸ™ğŸ™ğŸ™

couldn't find it? open the thread",63,126
#DOYOUNG,ğŸŒ»,@jjongjungssi,Sat Apr 17 08:21:32 +0000 2021,"Introducing #NCT's 96 line

#KUN #ì¿¤ #DOYOUNG #ë„ì˜ #TEN #í… https://t.co/baro9WbZHW",462,797
#DOYOUNG,ëª¨ì¹˜í˜¸â˜,@169cm_mashiho,Sat Apr 17 08:04:52 +0000 2021,"memories of ğŸ°ğŸ¹
#MASHIHO #DOYOUNG https://t.co/Fpv0KYn4HE",224,587
#DOYOUNG,ê¹€ë¡0,@doy0ungk,Sat Apr 17 06:43:58 +0000 2021,"Q: Do I like pineapples on my pizza?

then 
ğŸ°: haha If it has pineapple on it, Iâ€™ll eat it haha 

now
ğŸ°: Anti Hawaiian Pizza 

#DOYOUNG #ë„ì˜ #ãƒ‰ãƒ¨ãƒ³
@treasuremembers https://t.co/SJK5tmezsE",69,300
#DOYOUNG,Ù‹,@uridoie,Sat Apr 17 06:13:15 +0000 2021,The amazing world of #DOYOUNG https://t.co/W6c1QhdZDK,131,229
#DOYOUNG,NCT 127,@NCTsmtown_127,Sat Apr 17 05:30:13 +0000 2021,"Unit Mission ğŸ“¸
A cut &amp; Exclusive B cut

#TAEYONG #DOYOUNG
with #JUNGWOO

#Johntography
#THE_NEXT_NEO_MODEL
#NCT127 #NCT
#ë„ì „_ë„¤ì˜¤ëª¨ë¸_ì½”ë¦¬ì•„ https://t.co/GVdL6BxCJh",54906,154165
#DOYOUNG,ê¹€ë¡0,@doy0ungk,Sat Apr 17 03:37:04 +0000 2021,"#DOYOUNGâ€™s 10 Questions &amp; Answers from Weverse 

#íŠ¸ë ˆì € #ë„ì˜ 
@treasuremembers https://t.co/FxIHbzuUu0",296,722
#DOYOUNG,ëª¨ì¹˜ë„ë¹„â™¡,@mochidobby,Sat Apr 17 03:36:50 +0000 2021,"doyoung's 10 questions and answers on  weverse post - a little fun fact check ğŸ“

ğŸ’¬: message for weverse users?
ğŸ°: you won't be able to get away from treasure's charms!

#íŠ¸ë ˆì €ë„ì˜ #DOYOUNG #ë„ì˜
@treasuremembers https://t.co/OJRIlY4bF0",36,134
#DOYOUNG,ğ¤ğğ².,@doyounglobal,Sat Apr 17 01:55:37 +0000 2021,"#DOYOUNG 2021 Individual Boy Group Member Brand Reputation Ranking

#23 January
#36 February
#22 March
#50 April

Let's working hard everyone!! 

#ë„ì˜ #NCTë„ì˜Â  #DOYOUNG
@NCTsmtown_127 
 https://t.co/cLIf7FVxtr",61,178
#DOYOUNG,NCT 127 Fan Union,@NCT127Union,Sat Apr 17 01:37:50 +0000 2021,"[INFO] 210417 April 2021 Individual Boy Group Brand Reputation Ranking 

18. #JAEHYUN
19. #MARK
20. #JUNGWOO
35. #HAECHAN
50. #DOYOUNG
58. #TAEYONG 

ğŸ”—https://t.co/RSTXf7Ex5R

#NCT127 @NCTsmtown_127 https://t.co/1evBYVNtgA",62,181
#DOYOUNG,SM_NCT,@SM_NCT_BACKUP,Sat Apr 17 01:11:33 +0000 2021,"[INFO] 210417 Boy Group Member Brand Reputation Ranking for April 2021:

18. #JAEHYUN
19. #MARK
20. #JUNGWOO
25. #JENO
32. #RENJUN
35. #HAECHAN
46. #JISUNG
50. #DOYOUNG
58. #TAEYONG
62. #JAEMIN

#NCT #NCT127 #NCTDREAM
https://t.co/Kv6PoQYkpu https://t.co/ck91XGrZwD",1731,4389
#DOYOUNG,âšœï¸,@kdyactor,Sat Apr 17 00:36:17 +0000 2021,"Still waiting on Viki but so far Cafe Midnight has been released on the following platforms: 

On Demand Korea
Amazon Prime
Roku
Tubi
IMDB 

#ì‹¬ì•¼ì¹´í˜ #DOYOUNG #ë„ì˜ https://t.co/ni1eRFrWll",47,152
#DOYOUNG,KIM DOYOUNG BRAND REPUTATION,@DOYOUNGbr_,Sat Apr 17 00:00:01 +0000 2021,"[RT &amp; REPLY]

Hello @Twitter @TwitterSupport we would like to have new TOPIC on your app for @treasuremembers Kim Doyoung. Below are the list of his hashtags,

#DOYOUNG #ë„ì˜ #íŠ¸ë ˆì €ë„ì˜ 

Please consider our demand,
Thank you.

https://t.co/lB0RO9Z1BE",113,128
#DOYOUNG,nctybase,@nctyzenbase,Fri Apr 16 23:56:47 +0000 2021,"[INFO] 210417 Boygroup Individual Ranking Brand Reputation (April 2021) ğŸ’š 

18 #JAEHYUN
19 #MARK 
20 #JUNGWOO 
25 #JENO 
32 #RENJUN 
35 #HAECHAN 
46 #JISUNG 
50 #DOYOUNG 
58 #TAEYONG 
62 #JAEMIN 

ğŸ”— https://t.co/pURs0g1lrU

#NCT @NCTsmtown
@nctyzenbase @nctyzenbase_
-ğŸ¹ https://t.co/IPvEMpAnUH",73,366
#DOYOUNG,DOYOUNG RECORD,@doyoungrecord,Fri Apr 16 23:05:51 +0000 2021,"[ğŸ“ˆ] 210417 April Brand Reputation Ranking - Individual Boy Group 

#50 DOYOUNG 

Participation Index: 46,560
Media Index: 90,320
Communication Index: 366,029
Community Index: 457,633
Brand Reputation: 960,543

#DOYOUNG #ë„ì˜ https://t.co/DfITnYOlkd",86,205
#DOYOUNG,ë‹ŒğŸŒ±âœ¨,@mashihokun_,Fri Apr 16 22:44:53 +0000 2021,"mashiho and doyoung were playing basketball while playing doyoung got stuck in the mud, doyoung is so funny and mashiho cant stop laughing ğŸ˜‚ğŸ¤£

vid at seapink yt ğŸ¬ https://t.co/rFcREBmhuV

#doyoung #mashiho @treasuremembers https://t.co/6GywOpoCfR",103,412
#DOYOUNG,Doyoung Project Indonesia,@DoyoungProject,Fri Apr 16 12:00:26 +0000 2021,"âœ¨ğ’Ÿğ‘œğ“ğ‘œğ“Šğ“ƒğ‘” ğŸ§ğ“‰ğ’½ ğ’Ÿğ‘’ğ’·ğ“Šğ“‰ ğ’œğ“ƒğ“ƒğ’¾ğ“‹ğ‘’ğ“‡ğ“ˆğ’¶ğ“‡ğ“âœ¨

DOYOUNG 2nd SOLO ONLINE CONCERT
""Your Heart My Heart 2.0""
ğŸ“…SAT 21.04.17/ 9PM WIB

ğŸŸï¸Get your FREE TICKET now!
ğŸ”—Click here: https://t.co/Pjj4cihMav

#DOYOUNG #ë„ì˜ #NCTë„ì˜ 
#YourHeartMyHeart2 #DoyoungOnlineConcert https://t.co/e64GSmbeN8",882,2281
#DOYOUNG,ê¹€ë¡0,@doy0ungk,Fri Apr 16 11:48:14 +0000 2021,"Doyoungâ€™s (high-pitch) laugh button, Yoshi â™¡
#DOYOUNG #ë„ì˜ #ãƒ‰ãƒ¨ãƒ³
@treasuremembers https://t.co/CEjFTDvvAU",290,746
#DOYOUNG,SM_NCT,@SM_NCT_BACKUP,Fri Apr 16 11:42:22 +0000 2021,"[OFFICIAL] 210416 #DOYOUNGâ€™s Instagram story update

â€œğŸ—â€

#NCT #NCT127
https://t.co/C2dRY7WBQS https://t.co/UF7K165ZxV",1026,6243
#DOYOUNG,ë¼ì„í•˜ë£¨ limeharu,@ncthall,Fri Apr 16 11:39:52 +0000 2021,"210416 do0_nct IG STORY

https://t.co/0ROazjrqnu

#ë„ì˜ #DOYOUNG #NCT #NCT127 @NCTsmtown @NCTsmtown_127 https://t.co/3M0579Scnv",120,189
#DOYOUNG,Doyoung Project Indonesia,@DoyoungProject,Fri Apr 16 09:35:21 +0000 2021,"âœ¨ğ’Ÿğ‘œğ“ğ‘œğ“Šğ“ƒğ‘” ğŸ§ğ“‰ğ’½ ğ’Ÿğ‘’ğ’·ğ“Šğ“‰ ğ’œğ“ƒğ“ƒğ’¾ğ“‹ğ‘’ğ“‡ğ“ˆğ’¶ğ“‡ğ“âœ¨

DOYOUNG 2nd SOLO ONLINE CONCERT
""Your Heart My Heart 2.0""
ğŸ“…SAT 21.04.17/ 9PM WIB

ğŸŸï¸Ticketing today on 7 PM WIB
Stay tuned! ğŸ’™

#DOYOUNG  #ë„ì˜ #NCTë„ì˜ 
#YourHeartMyHeart2 https://t.co/FEe7IFTPIu",59,161
#DOYOUNG,doyoung films,@dobifilms,Fri Apr 16 05:48:04 +0000 2021,#DOYOUNG: it's u https://t.co/Mv2kP4vL24,599,1085
#DOYOUNG,â€Ù‹,@DYGFEED,Fri Apr 16 03:48:09 +0000 2021,theyâ€™re just enjoying their meal together #DOYOUNG #JUNKYU #DOKYU https://t.co/kQfYHlaC5w,75,138
#DOYOUNG,ê¹€ë¡0,@doy0ungk,Fri Apr 16 03:35:23 +0000 2021,"Dobby tearing up because of the smokeğŸ˜­ 

ğŸ°: â€œMashiho hyung~ tissue please~ &gt;&lt;â€ 

he is so cuteee ğŸ¥ºğŸ¤§ 

#DOYOUNG #ë„ì˜ #ãƒ‰ãƒ¨ãƒ³
@treasuremembers https://t.co/WSbt03yZmC",626,1365
#DOYOUNG,ê¹€ë¡0,@doy0ungk,Fri Apr 16 03:20:55 +0000 2021,"Doyoung with his another level of concepts, again ğŸ˜† 

#DOYOUNG #ë„ì˜ #ãƒ‰ãƒ¨ãƒ³
@treasuremembers https://t.co/q43GjBmWRO",149,294
#DOYOUNG,ê¹€ë¡0,@doy0ungk,Fri Apr 16 03:07:00 +0000 2021,"doyoung, a morning person ğŸ¥°

#DOYOUNG #ë„ì˜ #ãƒ‰ãƒ¨ãƒ³
@treasuremembers https://t.co/tvq4u3QEvu",253,579
#DOYOUNG,â€Ù‹,@kdysite,Fri Apr 16 02:42:02 +0000 2021,"We ask everyone to suggest and comment #DOYOUNG as your pick ending fairy for this project! Like every comments related about him (new and old) and make sure to spread this message! 

Link here: https://t.co/phNhv8vw5e",115,198
#DOYOUNG,ğ¤ğğ².,@doyounglobal,Fri Apr 16 02:04:40 +0000 2021,"Dozennie please comment Doyoung as your pick for ending fairy here!! ğŸ˜‰

Like comments about him too so these will be on top!!ğŸ˜Š

ğŸ”—https://t.co/kZmGE9I5Us

#NCTë„ì˜ #DOYOUNG #ë„ì˜ @NCTsmtown_127 https://t.co/Q57oIx3hqm",105,182
#DOYOUNG,á´ á´‡Ê Â²â¶,@doiethetic,Fri Apr 16 00:51:50 +0000 2021,"âœ¨TGID: THANK GOD ITâ€™S DOYOUNG DAYâœ¨

ğŸ“† Friday, 16 April 2021
ğŸ° Doyoung Outfit Stage ğŸ°

#NCTë„ì˜ #DOYOUNG  #ë„ì˜ #DoyoungYouAreLoved @NCTsmtown_127 https://t.co/k6OTOchW8l",64,186
#DOYOUNG,ëª¨ì¹˜ë„ë¹„â™¡,@mochidobby,Thu Apr 15 22:51:20 +0000 2021,"[210416] #DOYOUNG WEVERSE MOMENTS

""Good Morning Teumesâ¤""

#íŠ¸ë ˆì €ë„ì˜ #TREASURE
@treasuremembers https://t.co/5qK8pz3t6l",25,151
#DOYOUNG,TREASURE WEVERSE,@trsr_weverse,Thu Apr 15 22:16:57 +0000 2021,"[ #DOYOUNG | MOMENTS ]

"" Goodmorning Teume â¤ ""

#ë„ì˜ #íŠ¸ë ˆì €
@treasuremembers https://t.co/cPBZswvg0t",688,2981
#DOYOUNG,sartika006ğŸŒ¸âœ¨,@Dewisartika128,Thu Apr 15 21:51:29 +0000 2021,"Good morning, have a nice day as usual DoyoungğŸ°(â€¢â€¿â€¢)
#NCTë„ì˜ #DoyoungYouAreLoved #DOYOUNG https://t.co/St0wKBSrwN",105,954
#DOYOUNG,Ù‹,@fazvodoy,Thu Apr 15 21:35:13 +0000 2021,"â­ â€” TGID: THANK GOD ITâ€™S DOYOUNG DAY
â­ â€” Theme: Doyoung Outfit Stage

doyoung on these outfits lives in my mind rent free â™¡__â™¡

#NCTë„ì˜ #DOYOUNG  #ë„ì˜ #DoyoungYouAreLoved @NCTsmtown_127 https://t.co/O2pn3175UC",92,185
#DOYOUNG,Cherry ğŸ’,@cherry9621,Thu Apr 15 21:25:24 +0000 2021,"TGID ~
Theme : Doyoung Outfit Stage

Prince, Casual

#NCTë„ì˜ #DOYOUNG #ë„ì˜ #DoyoungYouAreLoved
@NCTsmtown_127 https://t.co/3sdGDRkhJC",235,800
#DOYOUNG,"teh didil, kinda ia.",@dy0ungfvr,Thu Apr 15 21:10:27 +0000 2021,"âœ¨TGID: THANK GOD ITâ€™S DOYOUNG DAYâœ¨

ğŸ“† Friday, 16 April 2021
ğŸ° Theme: Doyoung Outfit Stage

#NCTë„ì˜ #DOYOUNG  #ë„ì˜ #DoyoungYouAreLoved @NCTsmtown_127 https://t.co/xHij3WgZBb",98,128
#DOYOUNG,anağŸ°,@xdoyoungiex,Thu Apr 15 21:06:57 +0000 2021,"âœ¨TGID: THANK GOD ITâ€™S DOYOUNG DAYâœ¨

Theme: Doyoung Outfit Stage

#NCTë„ì˜ #DOYOUNG #ë„ì˜ #DoyoungYouAreLoved @NCTsmtown_127 https://t.co/mP4layuRbm",92,164
#DOYOUNG,Risa,@feuillagedoy,Thu Apr 15 20:52:19 +0000 2021,"âœ¨TGID: THANK GOD ITâ€™S DOYOUNG DAYâœ¨

ğŸ“† Friday, 16 April 2021
ğŸ° Theme: Doyoung Outfit Stage

I love all outfits
#NCTë„ì˜ #DOYOUNG  #ë„ì˜ #DoyoungYouAreLoved @NCTsmtown_127 https://t.co/0KM7xDUQfI",69,113
#DOYOUNG,kosong kak,@doyoforlife,Thu Apr 15 20:33:59 +0000 2021,"ğŸ° T G I D ğŸ°

ğŸ’š date : 16/04/2021
ğŸ’š theme : Doyoung Outfit Stage

#NCTë„ì˜ #DOYOUNG #ë„ì˜ #NCT_DOYOUNG #NCT_ë„ì˜ #DoyoungYouAreLoved #NCT127 @NCTsmtown_127 https://t.co/XDBrRw7mo4",48,329
#DOYOUNG,Ù‹astUy âœ°,@doieys,Thu Apr 15 20:32:11 +0000 2021,"âœ¨TGID: THANK GOD ITâ€™S DOYOUNG DAYâœ¨

`â˜† Doyoung Outfit Stage

Doyoung Boss outfit

#NCTë„ì˜ #DOYOUNG  #ë„ì˜ #DoyoungYouAreLoved @NCTsmtown_127 https://t.co/WfHjemFLnu",89,144
#DOYOUNG,doyğŸ°,@ongsehdoy,Thu Apr 15 19:49:48 +0000 2021,"âœ¨TGID: THANK GOD ITâ€™S DOYOUNG DAYâœ¨

ğŸ“† Friday, 16 April 2021
ğŸ° Theme: Doyoung Outfit Stage

all of Doyoung's outfits are my favorite, but this is the bestğŸŒ·ğŸ’•

#NCTë„ì˜ #DOYOUNG  #ë„ì˜ #DoyoungYouAreLoved @NCTsmtown_127 https://t.co/C6PMHqd2xH",80,110
#DOYOUNG,Analee ğŸŒ¥ï¸,@analeehc,Thu Apr 15 18:07:57 +0000 2021,"âœ¨TGID: THANK GOD ITâ€™S DOYOUNG DAYâœ¨

Doyoung..
Believe me, you'll still look cool with all ur outfits-!
You're always cool in whatever you wear, bby ğŸ¥ºğŸ’—

#NCTë„ì˜ #DOYOUNG  #ë„ì˜ #DoyoungYouAreLoved @NCTsmtown_127 https://t.co/tnnLF0Wllv",177,673
#DOYOUNG,VampiedoieâŒ–Â²â¶ in love with a musical actor â¤ï¸,@VampireEssense,Thu Apr 15 17:59:19 +0000 2021,"Everyone have a ticket ğŸ« we're entering missing dosberry hours 

Please enjoy your stay while reminiscing â¤ï¸ 

#DOYOUNG #ë„ì˜ #NCTë„ì˜ #NCT #NCT127 https://t.co/xLf1OUD6Mk",59,413
#DOYOUNG,nala,@dourghville,Thu Apr 15 16:36:49 +0000 2021,"THANK GOD ITâ€™S DOYOUNG DAY! ğŸ°ğŸ’™
â”â”â”â”â”â”â”â”â”â”â”â”â”â”â”â”â”â”â”â”
ğŸ“…: April 15, 2021
ğŸ°: Doyoung outfit stage!

this is my top 4 :D
 
#NCT_ë„ì˜ #NCT_DOYOUNG #DOYOUNG  #ë„ì˜ #DoyoungYouAreLoved @NCTsmtown_127 https://t.co/zl4IPFm06P",93,231
#DOYOUNG,alee bunda doychan,@kdyth8,Thu Apr 15 16:14:37 +0000 2021,"âœ¨TGID: THANK GOD ITâ€™S DOYOUNG DAYâœ¨

[210416]
theme: doyoung outfit stage

maw era... is another level ğŸ‘€

#NCTë„ì˜ #DOYOUNG  #ë„ì˜ #DoyoungYouAreLoved @NCTsmtown_127 https://t.co/zoJnQLRCmn",140,405
#DOYOUNG,zaa. || ì—˜ì.,@awesomedoy,Thu Apr 15 16:04:26 +0000 2021,"âœ¨TGID: THANK GOD ITâ€™S DOYOUNG DAYâœ¨

ğŸ“† Friday, 16 April 2021
ğŸ° Theme: Doyoung Outfit Stage

#NCTë„ì˜ #DOYOUNG  #ë„ì˜ #DoyoungYouAreLoved @NCTsmtown_127 https://t.co/Qjy1I37XJ7",144,142
#DOYOUNG,rÃ  ğŸ§¸ â€” doyoung actor ğŸ°ğŸ’™,@doyielova,Thu Apr 15 16:03:24 +0000 2021,"âœ¨TGID: THANK GOD ITâ€™S DOYOUNG DAYâœ¨

ğŸ“† Friday, 16 April 2021
ğŸ° Theme: Doyoung Outfit Stage

#NCTë„ì˜ #DOYOUNG  #ë„ì˜ #DoyoungYouAreLoved @NCTsmtown_127 https://t.co/Xi9psZvfrf",152,199
#DOYOUNG,eyienÂ²â¶ | kinda ia.,@doyjaefvngrll,Thu Apr 15 16:00:57 +0000 2021,"âœ¨TGID: THANK GOD ITâ€™S DOYOUNG DAYâœ¨

ğŸ“† Friday, 16 April 2021
ğŸ° Theme: Doyoung Outfit Stage

#NCTë„ì˜ #DOYOUNG  #ë„ì˜ #DoyoungYouAreLoved @NCTsmtown_127 https://t.co/4b23nPiCOB",83,111
#DOYOUNG,ğ’”ğ’‚ğ’‚ğ’“.,@doyiiq,Thu Apr 15 16:00:42 +0000 2021,"âœ¨TGID: THANK GOD ITâ€™S DOYOUNG DAYâœ¨

ğŸ“† Friday, 16 April 2021
ğŸ° Theme: Doyoung Outfit Stage

#NCTë„ì˜ #DOYOUNG  #ë„ì˜ #DoyoungYouAreLoved @NCTsmtown_127 https://t.co/kW7MZiTKTl",114,185
#DOYOUNG,å¼€ Ñ•Î±â„“Ñ•Î±,@miraclehsyl,Thu Apr 15 15:59:15 +0000 2021,"âœ¨TGID: THANK GOD ITâ€™S DOYOUNG DAYâœ¨

ğŸ“† Friday, 16 April 2021
ğŸ° Theme: Doyoung Outfit Stage

my fav doyoung outfit stage ğŸ˜â£ï¸

#NCTë„ì˜ #DOYOUNG #ë„ì˜ #DoyoungYouAreLoved @NCTsmtown_127 https://t.co/XB5nlPxcWm",119,139
#DOYOUNG,dwii ğŸ°,@feb01thboy,Thu Apr 15 15:58:47 +0000 2021,"âœ¨TGID: THANK GOD ITâ€™S DOYOUNG DAYâœ¨

ğŸ°Doyoung Outfit StageğŸ°ğŸ’™âœ¨

Let's join guys!!!

#DOYOUNG #ë„ì˜  #NCTë„ì˜ #DoyoungYouAreLoved @NCTsmtown_127 https://t.co/Uj9dMUsZF4",95,117
#DOYOUNG,"-ËË‹chaağŸ›¸, kinda ia",@dophroditee,Thu Apr 15 15:58:28 +0000 2021,"âœ¨TGID: THANK GOD ITâ€™S DOYOUNG DAYâœ¨

ğŸ“† Friday, 16 April 2021
ğŸ° Theme: Doyoung Outfit Stage

#NCTë„ì˜ #DOYOUNG  #ë„ì˜ #DoyoungYouAreLoved @NCTsmtown_127 https://t.co/WpoMnSU3Lt",98,115
#DOYOUNG,á´€ ÊŸ á´‡ s -â£ï¸ BLUEğŸ³ğŸ‹,@calonnoona,Thu Apr 15 15:52:49 +0000 2021,"âœ¨TGID: THANK GOD ITâ€™S DOYOUNG DAYâœ¨

ğŸ“† Friday, 16 April 2021
ğŸ° Theme: Doyoung Outfit Stage

duality doyoung ğŸ’™

#NCTë„ì˜ #DOYOUNG  #ë„ì˜ #DoyoungYouAreLoved @NCTsmtown_127 https://t.co/wCG6FT4p6Y",80,103
#DOYOUNG,fiáƒ§!â™¡ â€¢ ë§›ğŸ”¥,@pinkeufiy,Thu Apr 15 15:49:17 +0000 2021,"âœ¨TGID: THANK GOD ITâ€™S DOYOUNG DAYâœ¨

ğŸ° doyoung outfit stage ğŸ°

prettiestâ™¡

#DOYOUNG #ë„ì˜ #NCTë„ì˜ 
#DoyoungYouAreLoved @NCTsmtown_127 https://t.co/NcU4Dcu0zj",128,222
#DOYOUNG,dodo,@dybun_,Thu Apr 15 15:48:08 +0000 2021,"âœ¨TGID: THANK GOD ITâ€™S DOYOUNG DAYâœ¨

ğŸ“† Friday, 16 April 2021
ğŸ° Theme: Doyoung Outfit Stage

#NCTë„ì˜ #DOYOUNG  #ë„ì˜ #DoyoungYouAreLoved @NCTsmtown_127 https://t.co/ufaDC3Mw6u",103,131
#DOYOUNG,âŒ— Delaâ€¢.ğŸŒ»â™¡,@cyd0hcluv,Thu Apr 15 15:47:54 +0000 2021,"âœ¨TGID: THANK GOD ITâ€™S DOYOUNG DAYâœ¨

ğŸ“† Friday, 16 April 2021
ğŸ° Theme: Doyoung Outfit Stage

Gantengku ğŸ’—

#NCTë„ì˜ #DOYOUNG  #ë„ì˜ #DoyoungYouAreLoved @NCTsmtown_127 https://t.co/CjIHd1KuyY",113,128
#DOYOUNG,ann,@aannn02,Thu Apr 15 15:47:34 +0000 2021,"âœ¨TGID: THANK GOD ITâ€™S DOYOUNG DAYâœ¨

ğŸ“† Friday, 16 April 2021
ğŸ° Theme: Doyoung Outfit Stage

#NCTë„ì˜ #DOYOUNG  #ë„ì˜ #DoyoungYouAreLoved @NCTsmtown_127 https://t.co/1RTS9rKzbT",111,142
#DOYOUNG,firÂ²â¶,@jjundoy99,Thu Apr 15 15:45:17 +0000 2021,"âœ¨TGID: THANK GOD ITâ€™S DOYOUNG DAYâœ¨

ğŸ“† Friday, 16 April 2021
ğŸ° Theme: Doyoung Outfit Stage

#NCTë„ì˜ #DOYOUNG  #ë„ì˜â€¦ https://t.co/bZyZtThwqd",86,103
#DOYOUNG,â³ tania,@aencityV,Thu Apr 15 15:44:30 +0000 2021,"âœ¨TGID: THANK GOD ITâ€™S DOYOUNG DAYâœ¨

ğŸ“† Friday, 16 April 2021
ğŸ° Theme: Doyoung Outfit Stage

#NCTë„ì˜ #DOYOUNG  #ë„ì˜â€¦ https://t.co/fyeV2lAJBc",112,113
#DOYOUNG,sya å¼€ ğŸŒ ,@cutiexnini,Thu Apr 15 15:44:14 +0000 2021,"âœ¨TGID: THANK GOD ITâ€™S DOYOUNG DAYâœ¨

Theme: Doyoung Outfit Stage

Doyoungâ€™s boss outfit will be forever in my mindğŸ”¥ğŸ”¥â€¦ https://t.co/dRPmKON65o",108,160
#DOYOUNG,nayağŸŒ¸,@luvdoyie___,Thu Apr 15 15:43:16 +0000 2021,"âœ¨TGID: THANK GOD ITâ€™S DOYOUNG DAYâœ¨

ğŸ“† Friday, 16 April 2021
ğŸ° Theme: Doyoung Outfit Stage

#NCTë„ì˜ #DOYOUNG  #ë„ì˜â€¦ https://t.co/AjUVMVg2FW",109,143
#DOYOUNG,intan,@cIoudoie,Thu Apr 15 15:41:48 +0000 2021,"âœ¨TGID: THANK GOD ITâ€™S DOYOUNG DAYâœ¨

ğŸ“† Friday, 16 April 2021
ğŸ° Theme: Doyoung Outfit Stage

these outfits suits himâ€¦ https://t.co/aAwkB5f6xe",100,120
#DOYOUNG,'putt -fb sender,@doyiesun,Thu Apr 15 15:41:25 +0000 2021,"âœ¨TGID: THANK GOD ITâ€™S DOYOUNG DAYâœ¨

ğŸ“† Friday, 16 April 2021
ğŸ° Theme: Doyoung Outfit Stage

Doyoung regular era is vâ€¦ https://t.co/EVv3VuybU0",108,120
#DOYOUNG,ItsnağŸ°,@doyijinaren,Thu Apr 15 15:40:43 +0000 2021,"âœ¨TGID: THANK GOD ITâ€™S DOYOUNG DAYâœ¨

ğŸ“† Friday, 16 April 2021
ğŸ° Theme: Doyoung Outfit Stage

My favorite Doyoung outfâ€¦ https://t.co/51hirfQYiH",139,148
#DOYOUNG,icağŸ°,@D0yungies,Thu Apr 15 15:36:23 +0000 2021,"âœ¨TGID: THANK GOD ITâ€™S DOYOUNG DAYâœ¨

ğŸ“† Friday, 16 April 2021
ğŸ° Theme: Doyoung Outfit Stage

#NCTë„ì˜ #DOYOUNG  #ë„ì˜â€¦ https://t.co/6kWLgU6a3W",96,197
#DOYOUNG,ika softie on priv,@yoursdoy,Thu Apr 15 15:35:42 +0000 2021,"â¥ TGID ; THANK GOD ITâ€™S DOYOUNG DAY 

âœ® theme ; doyoung outfit stage 

. apapun yang dipake doyoung pasti bikin senâ€¦ https://t.co/ZRkdha9Wy5",98,108
#DOYOUNG,ayâ˜½,@fluffydoyie,Thu Apr 15 15:35:41 +0000 2021,"âœ¨TGID: THANK GOD ITâ€™S DOYOUNG DAYâœ¨

ğŸ“† Friday, 16 April 2021
ğŸ° Theme: Doyoung Outfit Stage

#NCTë„ì˜ #DOYOUNG  #ë„ì˜â€¦ https://t.co/yhrDiJV9Cr",110,116
#DOYOUNG,Ù‹caca,@Doyn96,Thu Apr 15 15:34:21 +0000 2021,"âœ¨TGID: THANK GOD ITâ€™S DOYOUNG DAYâœ¨

ğŸ“† Friday, 16 April 2021
ğŸ° Theme: Doyoung Outfit Stage

#NCTë„ì˜ #DOYOUNG  #ë„ì˜â€¦ https://t.co/hAu5QusnpM",97,142
#DOYOUNG,maya,@dochiwww,Thu Apr 15 15:33:42 +0000 2021,"âœ¨TGID: THANK GOD ITâ€™S DOYOUNG DAYâœ¨

Miss seeing you on the stage... 

#NCTë„ì˜ #DOYOUNG  #ë„ì˜ #DoyoungYouAreLovedâ€¦ https://t.co/GAhoRre0Gc",71,162
#DOYOUNG,Qia || kinda ia,@cayanknyaguehh,Thu Apr 15 15:32:42 +0000 2021,"âœ¨TGID: THANK GOD ITâ€™S DOYOUNG DAYâœ¨

ğŸ“† Friday, 16 April 2021
ğŸ° Theme: Doyoung Outfit Stage

Which is the most favoriâ€¦ https://t.co/0OccZ7P3wq",147,147
#DOYOUNG,ê¹€ë¡0,@doy0ungk,Thu Apr 15 15:09:28 +0000 2021,"Our rapper doyoung needs a comeback ğŸ˜  

#DOYOUNG #ë„ì˜ #ãƒ‰ãƒ¨ãƒ³
@treasuremembers

https://t.co/vAWOrG062L",314,613
#DOYOUNG,â—¡Ìˆ,@llamaeat,Thu Apr 15 14:23:49 +0000 2021,"The Next NEO Model ğŸ’‹

#DOYOUNG #ë„ì˜ #NCT127
#NCT_DOYOUNG #NCT_ë„ì˜ https://t.co/ebDgkjcR5A",1809,5007
#DOYOUNG,SM_NCT,@SM_NCT_BACKUP,Thu Apr 15 13:17:03 +0000 2021,"[INFO] 210415 Due to the pandemic, SBS Hope TV has started the â€˜2021, Become One Again Nowâ€™ Project featuring #NCTâ€¦ https://t.co/vLKgCixkwT",116,633
#DOYOUNG,DOYOUNG NAVER,@doyoungnaver,Thu Apr 15 12:33:28 +0000 2021,"200415 Doyoungâ€™s article about his participation on â€œ2021 BECOMING ONE AGAIN NOW"" for SBS Hope TV

Press like, recoâ€¦ https://t.co/m4tR3XuIRZ",135,301
#DOYOUNG,ë§,@nctdaoying,Thu Apr 15 12:12:45 +0000 2021,"210415 SBS News, â€œComfort and Hope,â€ The Revival of â€˜Being Togetherâ€™ After 22 Years

30 teams including NCT, Red Veâ€¦ https://t.co/xT9UJQPtyi",299,776
#DOYOUNG,kinda doyoung,@kdoyochi,Thu Apr 15 11:24:58 +0000 2021,#DOYOUNG: but I'm still into you https://t.co/UzCejETgHr,73,205
#DOYOUNG,Ù‹,@DOJAEFILES,Thu Apr 15 10:15:18 +0000 2021,"SLOWACID X TEDDYISLAND 
2021 COLLECTION 02
#DOYOUNG X #JAEHYUN https://t.co/XiKpkeImZi",138,289
#DOYOUNG,ë§,@nctdaoying,Thu Apr 15 10:09:40 +0000 2021,"SLOWACID X TEDDYISLAND 
2021 COLLECTION 02

DOYOUNG X JAEHYUN 

#DOYOUNG #ë„ì˜ #JAEHYUN #ì¬í˜„ https://t.co/7CFaF1r6b9",327,934
#DOYOUNG,SM_NCT,@SM_NCT_BACKUP,Thu Apr 15 09:36:47 +0000 2021,"[!!!] Congratulations #DOYOUNG for reaching 6 million followers on Instagram!

Follow him if you havenâ€™t yet:â€¦ https://t.co/xwnyQ6655z",326,1919
#DOYOUNG,ë§,@nctdaoying,Thu Apr 15 09:29:44 +0000 2021,"Doyoung has surpassed 6 million followers on Instagram! ğŸ‰

#DOYOUNG #ë„ì˜ https://t.co/VrSjf6fkNA",490,1971
#DOYOUNG,AzureU,@Azure_u_,Thu Apr 15 09:11:21 +0000 2021,"#DOYOUNGÂ  #ë„ì˜ #ë„ì¹˜ 
Healing, accompany, always by your side
Scan QR code to use on WeChat ğŸ¦”ğŸŒ² https://t.co/kcmmWOdmno",80,161
#DOYOUNG,DOYOUNG RECORD,@doyoungrecord,Thu Apr 15 08:18:55 +0000 2021,"Doyoung has reach 6M followers on instagram!

follow him on :
https://t.co/YaWI0HebAz

#DOYOUNG #ë„ì˜ https://t.co/uqyOJFgEWQ",132,386
#DOYOUNG,DOYOUNG SPOTIFY,@kdyspotify,Thu Apr 15 07:48:27 +0000 2021,"#DOYOUNG has finally achieved 6 million followers on Instagram! Congratulations Doyoung! 

Make sure to give him aâ€¦ https://t.co/2umiVSCh7F",44,143
#DOYOUNG,ë§,@nctdaoying,Thu Apr 15 04:12:38 +0000 2021,"W KOREA MAY ISSUE (A. VER)

Featuring NCT Doyoung &amp; Gongmyung
Interview &amp; photoshoot: 8 pages
(Cover: Blackpink Rosâ€¦ https://t.co/gkLKLiJxhs",262,826
#DOYOUNG,âšœï¸,@kdyactor,Thu Apr 15 04:02:59 +0000 2021,"Starting today (or tomorrow based on wherever in the region youâ€™re located), Cafe Midnight will be released on thesâ€¦ https://t.co/02TKnN8YM5",117,275
#DOYOUNG,ê¹€ë„ë¹„â™¡,@metdoldobby,Thu Apr 15 03:39:55 +0000 2021,"Little throwback to the time Doyoung made you swerve in his lane

#DOYOUNG #ë„ì˜ #íŠ¸ë ˆì €ë„ì˜  
@treasuremembers 
 https://t.co/kZZLtPrt1e",159,351
#DOYOUNG,É´Éªá´„á´‹ ğŸ“–: chainsaw man,@starjsuh,Thu Apr 15 00:19:00 +0000 2021,#DOYOUNG: can't help falling in love https://t.co/OMH3DC24J4,115,313
#DOYOUNG,DOYOUNG SPOTIFY,@kdyspotify,Wed Apr 14 16:21:33 +0000 2021,#DOYOUNG becomes the FIRST member to achieve 50 million overall streams on Spotify! Congratulations Doyoung!!! https://t.co/qY2SRpWJ9J,1138,2964
#DOYOUNG,DOYOUNG RECORD,@doyoungrecord,Wed Apr 14 15:37:06 +0000 2021,"#ë„ë¸”ë„ë¸” (Dobble Dobble) is currently trending at #5 in South Korea! Doyoung you are loved ğŸ¥ºğŸ’™

#DOYOUNG #ë„ì˜ https://t.co/sGpGDThvHy",32,169
#DOYOUNG,Ù‹,@DOJAEFILES,Wed Apr 14 13:25:14 +0000 2021,"#DOYOUNG &amp; #JAEHYUN : We Wear Hoodies! 
edit by: @haknycn https://t.co/hzzCmkgrcX",479,1065
#DOYOUNG,â€Ù‹,@dojoyfeed,Wed Apr 14 12:00:02 +0000 2021,"their film camera ğŸ“¸ 

#DOYOUNG #ë„ì˜ #JOY #ì¡°ì´ https://t.co/FGvNuEKDSz",22,149
#DOYOUNG,SM_NCT,@SM_NCT_BACKUP,Wed Apr 14 11:03:49 +0000 2021,[VIDEO] 210414 [HopeTV SBS] PickğŸ§šâ€â™€ï¸yourğŸ§šâ€â™‚ï¸ ending fairy! / Now Becoming One Again_nOwNnEw / 'HopeTV' Preview | SBâ€¦ https://t.co/qf7ZFR3jhh,281,1011
#DOYOUNG,TREASURE ê¸€ë¡œë²Œ ìœ ë‹ˆì–¸ ğŸ’,@TREASUREunion,Wed Apr 14 09:57:44 +0000 2021,"[ENG]

""The shiver of the moment when the sunlight first stretched through the new leaves.
Did u guys watch it wellâ€¦ https://t.co/zV6htYlBqA",33,177
#DOYOUNG,bekâš¡,@thamoriskab,Wed Apr 14 07:33:32 +0000 2021,"I want you to love me now! ğŸ’™

#DOYOUNG #NCT127 https://t.co/9Kf3zqWcHU",69,228
#DOYOUNG,ëª¨ì¹˜ë„ë¹„â™¡,@mochidobby,Wed Apr 14 03:26:03 +0000 2021,thinking about this summery doyoung kind of vibe ğŸğŸŒ #íŠ¸ë ˆì €ë„ì˜ #DOYOUNG https://t.co/U8pvjGZeNL,85,243
#DOYOUNG,Ù‹,@KDYS0URCE,Tue Apr 13 19:36:14 +0000 2021,#DOYOUNG: Yeah i got issues https://t.co/9yYS73fZNK,1202,3108
#DOYOUNG,jips ğŸµ workshopğŸ“Œ,@jipsmonyet,Tue Apr 13 17:54:24 +0000 2021,"210413 do0_nct ğŸ°
#DOYOUNG #ë„ì˜ https://t.co/6n4jUqneiT",142,415
#DOYOUNG,jips ğŸµ workshopğŸ“Œ,@jipsmonyet,Tue Apr 13 14:59:48 +0000 2021,"210413 ğŸ°
quick digital study

#DOYOUNG #ë„ì˜ https://t.co/9NBTZjMC10",96,286
#DOYOUNG,NCT lockscreen,@NCTwallpaper_,Tue Apr 13 13:20:51 +0000 2021,"DOYOUNG instagram update for lockscreen
- a thread
#DOYOUNG #ë„ì˜ https://t.co/UtKLov2hQX",54,213
#DOYOUNG,TENâ€™S ARMPITSÂ²â¶,@PurpleDoyo,Tue Apr 13 13:07:53 +0000 2021,"[LOCKSCREEN] ğŸ“¸ #DOSTAGRAM 210414

ğŸ”—https://t.co/0pRcbLrlNS

#DOYOUNG #ë„ì˜ #NCT127 
#NCT_DOYOUNG #NCT_ë„ì˜ https://t.co/K48B91rAa7",287,397
#DOYOUNG,ğŸ‡®ğŸ‡© NCT INDONESIA (Back-Up) ğŸ’šâœ¨,@NCT_INDONESIA62,Tue Apr 13 12:22:00 +0000 2021,"[OFFICIAL] 210413 #DOYOUNG (do0_nct) Instagram Update ğŸ°ğŸ’š 

ğŸ˜ğŸ“¸

ğŸ”—https://t.co/QgG9Tax8it

ğŸ”@NCTsmtown_127 #NCT127 https://t.co/j5tReHjZAh",34,469
#DOYOUNG,ğŸ‡®ğŸ‡© NCT INDONESIA (Back-Up) ğŸ’šâœ¨,@NCT_INDONESIA62,Tue Apr 13 12:21:14 +0000 2021,"[OFFICIAL] 210413 #DOYOUNG (do0_nct) Instagram Update ğŸ°ğŸ’š 

ğŸ“¸ğŸ“¸

ğŸ”—https://t.co/Kcos80K6KX

ğŸ”@NCTsmtown_127 #NCT127 https://t.co/2qQCvNOPy4",26,343
#DOYOUNG,SM_NCT,@SM_NCT_BACKUP,Tue Apr 13 12:20:01 +0000 2021,"[OFFICIAL] 210413 #DOYOUNGâ€™s Instagram update

â€œğŸ˜ğŸ“¸â€

#NCT #NCT127
https://t.co/YD1ufG88Wx https://t.co/BnJONpGx8y",689,2667
#DOYOUNG,ğŸ‡®ğŸ‡© NCT INDONESIA (Back-Up) ğŸ’šâœ¨,@NCT_INDONESIA62,Tue Apr 13 12:19:54 +0000 2021,"[OFFICIAL] 210413 #DOYOUNG (do0_nct) Instagram Update ğŸ°ğŸ’š 

ğŸ“¸

ğŸ”—https://t.co/oYUiLHyXHK

ğŸ”@NCTsmtown_127 #NCT127 https://t.co/Chc10m5zdL",30,337
#DOYOUNG,SM_NCT,@SM_NCT_BACKUP,Tue Apr 13 12:15:00 +0000 2021,"[OFFICIAL] 210413 #DOYOUNGâ€™s Instagram update

â€œğŸ“¸ğŸ“¸â€

#NCT #NCT127
https://t.co/tJZXLfHDVC https://t.co/ZB9URMFLDc",552,1916
#DOYOUNG,SM_NCT,@SM_NCT_BACKUP,Tue Apr 13 12:14:01 +0000 2021,"[OFFICIAL] 210413 #DOYOUNGâ€™s Instagram update

â€œğŸ“¸â€

#NCT #NCT127
https://t.co/JAkB9f0l0a https://t.co/6Ug522mat2",1172,5980
#DOYOUNG,ğŸ‡®ğŸ‡© NCT INDONESIA (Back-Up) ğŸ’šâœ¨,@NCT_INDONESIA62,Tue Apr 13 11:59:27 +0000 2021,"[OFFICIAL] 210413 #DOYOUNG Instagram Update 

""Kamera FilmğŸ“¸""

ğŸ”—https://t.co/4eftD3f8Ec

#NCT127 @NCTsmtown_127 ğŸ•
 https://t.co/ryZ1cQ9368",21,406
#DOYOUNG,nctybase,@nctyzenbase,Tue Apr 13 11:57:35 +0000 2021,"[OFFICIAL] 210413 #DOYOUNG Instagram Update ğŸ’šğŸ°

""camera film ğŸ“¸""

ğŸ”—https://t.co/1iHsgJgTn8

#NCT #NCT127â€¦ https://t.co/7QKRHA2G2X",29,279
#DOYOUNG,SM_NCT,@SM_NCT_BACKUP,Tue Apr 13 11:53:14 +0000 2021,"[OFFICIAL] 210413 #DOYOUNGâ€™s Instagram update

â€œfilm camerağŸ“¸â€

#NCT #NCT127
https://t.co/GlqYuQiaUZ https://t.co/jqKiY8LrUM",990,4679
#DOYOUNG,SM_NCT,@SM_NCT_BACKUP,Tue Apr 13 11:04:58 +0000 2021,"[OFFICIAL/TRANS] 210413 #DOYOUNGâ€™s Instagram story update

#NCT #NCT127
Translated by @plantsprout - SM_NCTâ€¦ https://t.co/Yr4rkHhfSh",199,970
#DOYOUNG,ë§,@nctdaoying,Tue Apr 13 10:55:47 +0000 2021,"210413 Doyoungâ€™s Instagram Story

â€œShould I use a photo of my biological hyung...
Or a photo of the hyung Iâ€™m closeâ€¦ https://t.co/9egLpWnkpV",387,877
#DOYOUNG,TREASURE ê¸€ë¡œë²Œ ìœ ë‹ˆì–¸ ğŸ’,@TREASUREunion,Tue Apr 13 10:36:52 +0000 2021,"[Eng]
""Teu-re-jo Makkerâ¤ï¸
It's time to say goodbye to the shining sun and time to greet the moon...
You all did a gâ€¦ https://t.co/OUtT0nMySd",41,225
#DOYOUNG,ê¹€ë¡0,@doy0ungk,Tue Apr 13 10:30:14 +0000 2021,"Red Doyoung â™¥ï¸              Black Doyoung ğŸ–¤

#DOYOUNG #ë„ì˜ #ãƒ‰ãƒ¨ãƒ³
@treasuremembers https://t.co/tl9ODHPcEF",207,585
#DOYOUNG,ê¹€ë¡0,@doy0ungk,Tue Apr 13 10:26:56 +0000 2021,"#DOYOUNG | Weverse 

ğŸ°: Is there anything different about me? hehe 

aaa dobbyâ€™s black hair and had his hair cut ğŸ˜­ğŸ¥º https://t.co/CPF563akf3",403,1377
#DOYOUNG,-,@MunnieL8ksAt,Tue Apr 13 10:08:18 +0000 2021,"The way they always thanks the staff &amp; fans ... iâ€™m a proud mom ğŸ¥²ğŸ’œ
i stan an humble &amp; respectful group ! 
TREASUREâ€¦ https://t.co/Hlj0i2hA5O",373,1056
#DOYOUNG,SM_NCT,@SM_NCT_BACKUP,Tue Apr 13 07:01:34 +0000 2021,"[!!!] Newly added in our @Ktown4u_EU discount link: W Korea - May 2021 Issue with #DOYOUNG &amp; Gong Myung!

â€¢ Purchasâ€¦ https://t.co/FNiMKvqazT",129,724
#DOYOUNG,KoreanUpdates!,@KoreanUpdates,Tue Apr 13 05:25:01 +0000 2021,"Our favorite siblings #NCT #Doyoung and actor #GongMyung officially pose for W Korea May 2021 issue

#KoreanUpdatesâ€¦ https://t.co/1bdIhQuYyJ",105,318
#DOYOUNG,kdrama's diary,@kdramasdiary,Tue Apr 13 05:23:09 +0000 2021,#GongMyung and #Doyoung for W Korea ğŸ’™ https://t.co/TC18IGotGt,200,792
#DOYOUNG,kdrama tweets,@iconickdramas,Tue Apr 13 05:14:13 +0000 2021,This is so cute. The Kim Brothers (#GongMyung &amp; NCT #Doyoung) for W Korea ğŸ¥ºğŸ’› https://t.co/nEqTbFLuUu,533,2520
#DOYOUNG,NCT 127 Fan Union,@NCT127Union,Tue Apr 13 04:16:24 +0000 2021,"[PRESS] 210413 DOYOUNG for the May 2021 issue of W Korea

ğŸ”—https://t.co/4UJA7YNes1

#NCT127 #DOYOUNG @NCTsmtown_127 https://t.co/b0sQSQlyzC",89,338
#DOYOUNG,ğ¤ğğ².,@doyounglobal,Tue Apr 13 04:07:40 +0000 2021,"[210413] NCT Doyoung and Gongmyeong W. May issue pictorial cut pre-release

ğŸ”—https://t.co/jpiMsxcrcM

#DOYOUNG #ë„ì˜â€¦ https://t.co/2LYxmWf6mx",201,384
#DOYOUNG,â€Ø˜,@kdyIooks,Tue Apr 13 04:07:40 +0000 2021,[210413] Doyoung for W KOREA May 2021 Issue with Gongmyung #DOYOUNG #ë„ì˜ https://t.co/QST5tiD0JB,112,260
#DOYOUNG,SM_NCT,@SM_NCT_BACKUP,Tue Apr 13 04:05:59 +0000 2021,"[INFO] 210413 As brothers, shooting their first pictorial in their lifetime, NCT's #DOYOUNG and Actor Gong Myung wiâ€¦ https://t.co/BA1h4asITd",609,1882
#DOYOUNG,ğ¤ğğ².,@doyounglobal,Tue Apr 13 04:00:24 +0000 2021,"[210413] #DOYOUNG and Gong Myung have a pictorial together in the next issue of wkorea

ğŸ”—https://t.co/L5Kgahn1HY

Pâ€¦ https://t.co/tVad9BRctG",73,153
#DOYOUNG,ëª¨ì¹˜ë„ë¹„â™¡,@mochidobby,Tue Apr 13 02:45:40 +0000 2021,doyoung with his chic and sassy moves on this dance cover proves how versatile he is as a dancer happy one year witâ€¦ https://t.co/h5U3Z9Tuyf,58,155
#DOYOUNG,kdy â˜†,@03FILES,Tue Apr 13 02:08:17 +0000 2021,"[ğŸ“] Hello! this acc is dedicated for treasure's kim doyoung. will be posting pics, edits, &amp; more of dobby. 

followâ€¦ https://t.co/wV233TnIfo",47,147
#DOYOUNG,KIM DOYOUNG BRAND REPUTATION,@DOYOUNGbr_,Mon Apr 12 23:15:00 +0000 2021,"ã€Œ RT &amp; REPLY ã€

Hello @Twitter @TwitterSupport we would like to have new TOPIC on your app for @treasuremembers Kimâ€¦ https://t.co/JBPbc0WobC",124,150
#DOYOUNG,TEN GLOBAL,@nongtenglobal,Mon Apr 12 14:42:02 +0000 2021,"[ENG SUB] 210409 #TEN #Doyoung #Mark Instagram Live

Part 1: https://t.co/2Mk692uE6D
Part 2:â€¦ https://t.co/7fXs8EeWTa",324,767
#DOYOUNG,DYUNION,@DOYOUNGUNION_,Mon Apr 12 10:38:31 +0000 2021,"ğŸğšğ¥ğ¥ğ¢ğ§ğ  - ğƒğ¨ğ²ğ¨ğ®ğ§ğ  ğœğ¨ğ¯ğğ«
ğŸ‰ ğŸ ğ¦ğ¢ğ¥ğ¥ğ¢ğ¨ğ§ ğ¯ğ¢ğğ°ğ¬

ğŸ“º https://t.co/tB9GhSQYbS

#ë„ì˜ì•„_ë…¸ë˜í•´ì¤˜ì„œ_ê³ ë§ˆì›Œ #ë„ì˜ #DOYOUNG https://t.co/dS6bSaoUL3",314,313
#DOYOUNG,Vote for Kim Doyoung @.@,@DoyoungVoteTeam,Mon Apr 12 10:04:46 +0000 2021,"Finally Cover Falling by #DOYOUNG has reached 2M views ğŸ¥³ğŸŠğŸŠğŸŠ

Dozennie!! you worked so hard, but letâ€™s not stop hereâ€¦ https://t.co/30P3YbLfDw",57,165
#DOYOUNG,DOYOUNG RECORD,@doyoungrecord,Mon Apr 12 10:02:12 +0000 2021,"Cover | Doyoung - Falling has surpassed 2M views on Youtube!

ğŸ”— https://t.co/QqIfGgvV4u

#DOYOUNG #ë„ì˜ https://t.co/tNebpzhjRd",74,282
#DOYOUNG,DOYOUNG SPOTIFY,@kdyspotify,Mon Apr 12 09:30:11 +0000 2021,"ROAD TO 50 MILLION ğŸ°

Surprise! Tomorrow, 4/13 @ 7 PM KST, we will be having a streaming party to help #DOYOUNG achâ€¦ https://t.co/HYuFKnpi2m",119,285
#DOYOUNG,DEARMELIK,@dearmelikDY,Mon Apr 12 07:23:05 +0000 2021,"You no dime a dozen

#DOYOUNG #ë„ì˜ https://t.co/Zyk4myxXM5",782,1295
#DOYOUNG,ğ¤ğğ².,@doyounglobal,Mon Apr 12 06:18:23 +0000 2021,"Dozennie pls join #DoyoungRadio, April 12 at 7PM KST! If you have a question and more info pls follow @kdyradioğŸ˜Š

Aâ€¦ https://t.co/OLOXzJD3oM",80,219
#DOYOUNG,âœ¼,@kdygallery,Mon Apr 12 02:17:29 +0000 2021,"He owns mirror selfies ğŸ“¸ 

#DOYOUNG #ë„ì˜ #ãƒ‰ãƒ¨ãƒ³ https://t.co/55LC79UJOs",180,517
#DOYOUNG,ê¹€ë¡0,@doy0ungk,Mon Apr 12 01:50:38 +0000 2021,"Doyoung in these fits âœŠğŸ»

#íŠ¸ë ˆì € #ë„ì˜ #ãƒ‰ãƒ¨ãƒ³ #DOYOUNG 
@treasuremembers https://t.co/MmkRFTSsye",495,1657
#DOYOUNG,âœ¼,@kdygallery,Mon Apr 12 01:33:00 +0000 2021,"one of my favorite stages ğŸ

#DOYOUNG #ë„ì˜ #ãƒ‰ãƒ¨ãƒ³ https://t.co/1hGAnxuLkj",155,345
#DOYOUNG,kinda doyoung,@kdoyochi,Sun Apr 11 23:26:05 +0000 2021,#DOYOUNG: likey https://t.co/H01jn4HRpI,95,223
#DOYOUNG,â€Ù‹,@DYGFEED,Sun Apr 11 23:08:56 +0000 2021,im thinking... ğŸ’­... about this one specific #DOYOUNG look https://t.co/KFyjVoIVIY,66,212
#DOYOUNG,yutinha EMO TATUADO na motoca,@yusweet_,Sun Apr 11 22:51:03 +0000 2021,"#DOYOUNG #NCTë„ì˜ 

roses are red
violets are blue
but no flower in this world
is as beautiful as you

ğŸŒ¸ğŸŒ¿ğŸŒ¼ğŸŒ·ğŸŒ¿ğŸŒ¸ https://t.co/CtHrtPpeT7",81,141
#DOYOUNG,ëª¨ì¹˜ë„ë¹„â™¡,@mochidobby,Sun Apr 11 15:09:41 +0000 2021,doyoung in this fit!! hello? omg he's so gorgeous!! istg his matchy outfits never fails to amuse us ğŸ˜­â¤ #íŠ¸ë ˆì €ë„ì˜â€¦ https://t.co/RG8Di4dlX8,390,1253
#DOYOUNG,vioÂ¹Â² âœ¦,@treasurefanart,Sun Apr 11 14:41:44 +0000 2021,"ğŸsnow white doyoungğŸ
#treasure #treasurefanart #doyoung #íŠ¸ë ˆì € ï¼ƒãƒˆãƒ¬ã‚¸ãƒ£ãƒ¼@treasuremembers https://t.co/fa96lD2aBw",156,451